,dense value,Y_test,Y_pred
0,200.0,6.0,6.003516674041748
1,200.0,6.0,6.038311958312988
2,200.0,6.0,5.443585395812988
3,200.0,6.0,5.971294403076172
4,200.0,6.0,5.978132724761963
5,200.0,6.0,5.667552947998047
6,200.0,6.0,5.088809013366699
7,200.0,5.0,5.899661064147949
8,200.0,6.0,5.610528945922852
9,200.0,5.0,5.949512481689453
10,200.0,6.0,5.71810245513916
11,200.0,6.0,5.861844539642334
12,200.0,6.0,6.037254333496094
13,200.0,6.0,5.662525177001953
14,200.0,6.0,5.624817848205566
15,200.0,6.0,5.58425760269165
16,200.0,5.0,5.822475433349609
17,200.0,6.0,5.372305870056152
18,200.0,5.0,5.5847063064575195
19,200.0,7.0,5.833530426025391
20,200.0,3.0,5.848727703094482
21,200.0,7.0,5.632923126220703
22,200.0,5.0,5.74887752532959
23,200.0,5.0,6.107911586761475
24,200.0,5.0,5.327757835388184
25,200.0,7.0,5.621618270874023
26,200.0,5.0,5.985531806945801
27,200.0,6.0,5.8174028396606445
28,200.0,6.0,5.741015434265137
29,200.0,7.0,6.324089050292969
30,200.0,5.0,5.410684585571289
31,200.0,6.0,5.648488998413086
32,200.0,7.0,6.061108589172363
33,200.0,5.0,5.256283760070801
34,200.0,7.0,5.569003105163574
35,200.0,5.0,5.642361640930176
36,200.0,5.0,6.281517028808594
37,200.0,5.0,5.6202192306518555
38,200.0,5.0,5.065983772277832
39,200.0,6.0,5.891958236694336
40,200.0,6.0,5.813190937042236
41,200.0,5.0,5.700557231903076
42,200.0,5.0,5.568918704986572
43,200.0,7.0,5.52056884765625
44,200.0,7.0,6.578239440917969
45,200.0,8.0,6.203136444091797
46,200.0,6.0,6.184333801269531
47,200.0,7.0,5.9716315269470215
48,200.0,6.0,5.451766490936279
49,200.0,6.0,5.606046676635742
50,200.0,6.0,5.814759254455566
51,200.0,5.0,5.8052520751953125
52,200.0,5.0,5.361388683319092
53,200.0,5.0,5.698641777038574
54,200.0,5.0,5.698641777038574
55,200.0,7.0,6.241125583648682
56,200.0,5.0,5.744171619415283
57,200.0,5.0,5.72286319732666
58,200.0,6.0,5.674030303955078
59,200.0,8.0,6.244916915893555
60,200.0,6.0,6.154919624328613
61,200.0,5.0,5.549427032470703
62,200.0,4.0,5.058018684387207
63,200.0,7.0,5.775638103485107
64,200.0,7.0,5.775637626647949
65,200.0,5.0,5.670340538024902
66,200.0,4.0,5.713595390319824
67,200.0,5.0,5.553188323974609
68,200.0,6.0,5.712614059448242
69,200.0,6.0,6.109060764312744
70,200.0,6.0,5.777321815490723
71,200.0,7.0,6.55171537399292
72,200.0,6.0,5.640497207641602
73,200.0,7.0,5.8074798583984375
74,200.0,5.0,5.631409168243408
75,200.0,6.0,5.705450057983398
76,200.0,7.0,5.910330772399902
77,200.0,5.0,5.473219871520996
78,200.0,9.0,6.236955165863037
79,200.0,7.0,6.252490043640137
80,200.0,8.0,6.680039405822754
81,200.0,8.0,6.635843276977539
82,200.0,3.0,5.560054302215576
83,200.0,6.0,5.509781360626221
84,200.0,5.0,5.5482563972473145
85,200.0,5.0,5.388701438903809
86,200.0,5.0,5.811052322387695
87,200.0,7.0,5.426602363586426
88,200.0,6.0,5.775721073150635
89,200.0,5.0,5.844213008880615
90,200.0,7.0,6.118504524230957
91,200.0,5.0,5.40222692489624
92,200.0,5.0,5.594016075134277
93,200.0,6.0,5.954140663146973
94,200.0,7.0,6.187138557434082
95,200.0,6.0,5.986176490783691
96,200.0,5.0,5.202113151550293
97,200.0,5.0,5.614053726196289
98,200.0,6.0,5.893908977508545
99,200.0,6.0,5.9161272048950195
100,200.0,5.0,5.467413902282715
101,200.0,7.0,5.960155963897705
102,200.0,6.0,6.045010566711426
103,200.0,7.0,6.163166046142578
104,200.0,4.0,5.220057964324951
105,200.0,6.0,5.700827598571777
106,200.0,5.0,5.604280471801758
107,200.0,5.0,5.134069442749023
108,200.0,5.0,5.134069442749023
109,200.0,4.0,5.4175920486450195
110,200.0,6.0,5.717792987823486
111,200.0,6.0,5.5039544105529785
112,200.0,6.0,5.682437419891357
113,200.0,5.0,5.559748649597168
114,200.0,5.0,5.153365135192871
115,200.0,5.0,5.006430149078369
116,200.0,5.0,5.556072235107422
117,200.0,5.0,5.535866737365723
118,200.0,7.0,6.043698310852051
119,200.0,6.0,5.265110969543457
120,200.0,7.0,5.596957206726074
121,200.0,7.0,5.596957206726074
122,200.0,5.0,5.635824203491211
123,200.0,6.0,5.459629058837891
124,200.0,7.0,5.923490524291992
125,200.0,7.0,6.581235885620117
126,200.0,6.0,5.662343502044678
127,200.0,6.0,5.702124118804932
128,200.0,6.0,6.110023498535156
129,200.0,7.0,6.27455997467041
130,200.0,6.0,5.480582237243652
131,200.0,6.0,5.349187850952148
132,200.0,7.0,5.5323896408081055
133,200.0,6.0,5.7576003074646
134,200.0,6.0,5.387677192687988
135,200.0,8.0,5.735801696777344
136,200.0,4.0,5.110405921936035
137,200.0,5.0,5.272197723388672
138,200.0,6.0,5.7430572509765625
139,200.0,7.0,5.992925643920898
140,200.0,6.0,5.878310203552246
141,200.0,6.0,5.589473724365234
142,200.0,6.0,5.538729667663574
143,200.0,5.0,5.603650093078613
144,200.0,6.0,5.470930576324463
145,200.0,5.0,6.21842098236084
146,200.0,5.0,5.535194396972656
147,200.0,5.0,5.602575302124023
148,200.0,7.0,6.175567626953125
149,200.0,6.0,6.0433197021484375
150,200.0,5.0,5.393303871154785
151,200.0,7.0,6.218557357788086
152,200.0,5.0,6.016948699951172
153,200.0,6.0,5.411313533782959
154,200.0,6.0,5.7158098220825195
155,200.0,5.0,5.687234878540039
156,200.0,7.0,5.503222465515137
157,200.0,7.0,5.503222465515137
158,200.0,5.0,6.2847466468811035
159,200.0,6.0,6.206299304962158
160,200.0,5.0,5.702305793762207
161,200.0,7.0,6.15843391418457
162,200.0,6.0,5.8704423904418945
163,200.0,5.0,5.298630237579346
164,200.0,5.0,6.165221214294434
165,200.0,6.0,5.434018135070801
166,200.0,7.0,6.052498817443848
167,200.0,6.0,5.938152313232422
168,200.0,6.0,5.838052749633789
169,200.0,6.0,5.857240676879883
170,200.0,5.0,5.54764461517334
171,200.0,5.0,5.7588887214660645
172,200.0,5.0,5.697680473327637
173,200.0,5.0,5.697680473327637
174,200.0,6.0,5.530492782592773
175,200.0,5.0,5.763398170471191
176,200.0,6.0,5.345891952514648
177,200.0,6.0,5.731152534484863
178,200.0,5.0,5.61806583404541
179,200.0,5.0,5.5006256103515625
180,200.0,5.0,5.720715522766113
181,200.0,5.0,5.489066123962402
182,200.0,7.0,5.565253257751465
183,200.0,5.0,5.7454705238342285
184,200.0,5.0,5.6798882484436035
185,200.0,6.0,5.807997226715088
186,200.0,6.0,5.587523460388184
187,200.0,5.0,5.481509685516357
188,200.0,5.0,5.750299453735352
189,200.0,5.0,5.487144470214844
190,200.0,5.0,5.916286945343018
191,200.0,5.0,5.696541786193848
192,200.0,5.0,5.569131851196289
193,200.0,6.0,5.348756313323975
194,200.0,6.0,5.778731822967529
195,200.0,5.0,5.702004432678223
196,200.0,5.0,5.913128852844238
197,200.0,6.0,6.636255264282227
198,200.0,6.0,5.840970039367676
199,200.0,5.0,5.477614402770996
200,200.0,5.0,5.071332931518555
201,200.0,5.0,5.884784698486328
202,200.0,4.0,5.731145858764648
203,200.0,5.0,5.49189567565918
204,200.0,6.0,6.153998851776123
205,200.0,5.0,5.426450729370117
206,200.0,7.0,5.80562686920166
207,200.0,7.0,6.585030555725098
208,200.0,7.0,6.503172874450684
209,200.0,6.0,6.470118522644043
210,200.0,5.0,5.889530181884766
211,200.0,5.0,5.6551513671875
212,200.0,4.0,5.436534881591797
213,200.0,3.0,5.157351970672607
214,200.0,4.0,5.449230670928955
215,200.0,6.0,5.84096097946167
216,200.0,5.0,5.71656608581543
217,200.0,7.0,6.537818908691406
218,200.0,5.0,5.631796836853027
219,200.0,5.0,5.725737571716309
220,200.0,5.0,5.849461555480957
221,200.0,5.0,5.849461555480957
222,200.0,6.0,6.191701889038086
223,200.0,6.0,5.9666361808776855
224,200.0,6.0,5.478708267211914
225,200.0,5.0,5.687941074371338
226,200.0,5.0,5.735391616821289
227,200.0,5.0,5.816690444946289
228,200.0,4.0,5.05409049987793
229,200.0,6.0,5.405426979064941
230,200.0,5.0,5.247225761413574
231,200.0,7.0,6.668478488922119
232,200.0,5.0,5.36051082611084
233,200.0,5.0,5.778694152832031
234,200.0,6.0,5.655828475952148
235,200.0,5.0,5.496740341186523
236,200.0,5.0,5.644230365753174
237,200.0,5.0,5.644230365753174
238,200.0,5.0,5.37641716003418
239,200.0,5.0,5.309993743896484
240,200.0,4.0,5.159427642822266
241,200.0,5.0,5.825745582580566
242,200.0,5.0,5.248579978942871
243,200.0,6.0,6.525472640991211
244,200.0,5.0,5.619055271148682
245,200.0,6.0,5.6325788497924805
246,200.0,7.0,6.756618499755859
247,200.0,6.0,6.6643829345703125
248,200.0,6.0,5.7689666748046875
249,200.0,6.0,5.823894500732422
250,200.0,6.0,5.496119976043701
251,200.0,7.0,6.529687881469727
252,200.0,7.0,6.353371620178223
253,200.0,6.0,5.549623489379883
254,200.0,7.0,6.034607887268066
255,200.0,6.0,5.799941539764404
256,200.0,6.0,5.799941062927246
257,200.0,6.0,5.785153865814209
258,200.0,7.0,6.42754602432251
259,200.0,7.0,6.301825046539307
260,200.0,6.0,5.677888870239258
261,200.0,6.0,6.106487274169922
262,200.0,5.0,5.822996139526367
263,200.0,4.0,5.944095611572266
264,200.0,6.0,5.988440990447998
265,200.0,7.0,6.1693620681762695
266,200.0,6.0,6.33863639831543
267,200.0,7.0,6.184870719909668
268,200.0,6.0,6.36598014831543
269,200.0,6.0,5.907223701477051
270,200.0,7.0,6.162132263183594
271,200.0,5.0,5.691198348999023
272,200.0,7.0,6.580499172210693
273,200.0,5.0,6.313863754272461
274,200.0,7.0,6.415217399597168
275,200.0,5.0,5.586294174194336
276,200.0,6.0,6.074172496795654
277,200.0,6.0,6.114065170288086
278,200.0,7.0,6.157327651977539
279,200.0,7.0,6.3759918212890625
280,200.0,7.0,6.177999496459961
281,200.0,6.0,6.193042278289795
282,200.0,7.0,6.491198539733887
283,200.0,6.0,6.3458685874938965
284,200.0,6.0,5.98806095123291
285,200.0,8.0,6.707103252410889
286,200.0,8.0,5.7852888107299805
287,200.0,5.0,5.464029312133789
288,200.0,6.0,6.119774341583252
289,200.0,7.0,6.374027252197266
290,200.0,6.0,6.460354804992676
291,200.0,6.0,5.790230751037598
292,200.0,6.0,5.705226898193359
293,200.0,6.0,6.1915411949157715
294,200.0,8.0,6.608987808227539
295,200.0,8.0,6.362697601318359
296,200.0,5.0,5.8917059898376465
297,200.0,7.0,6.317964553833008
298,200.0,5.0,5.733485221862793
299,200.0,6.0,6.388785362243652
300,200.0,6.0,6.320573806762695
301,200.0,5.0,5.588944911956787
302,200.0,7.0,6.174053192138672
303,200.0,6.0,5.547916412353516
304,200.0,6.0,6.644163608551025
305,200.0,7.0,6.468272686004639
306,200.0,6.0,6.417777061462402
307,200.0,6.0,5.803801536560059
308,200.0,5.0,5.868488311767578
309,200.0,6.0,5.986149787902832
310,200.0,7.0,6.21879768371582
311,200.0,7.0,5.639006614685059
312,200.0,6.0,5.617062091827393
313,200.0,6.0,6.653392791748047
314,200.0,6.0,6.316861152648926
315,200.0,6.0,6.313894271850586
316,200.0,8.0,6.596391677856445
317,200.0,5.0,5.325223922729492
318,200.0,6.0,6.318271636962891
319,200.0,8.0,6.692258834838867
320,200.0,5.0,5.730764389038086
321,200.0,5.0,6.630693435668945
322,200.0,7.0,6.538074970245361
323,200.0,6.0,5.802947998046875
324,200.0,6.0,6.792461395263672
325,200.0,5.0,5.454108238220215
326,200.0,7.0,6.122084140777588
327,200.0,6.0,5.98099946975708
328,200.0,6.0,6.350983619689941
329,200.0,8.0,5.7791290283203125
330,200.0,6.0,6.293450355529785
331,200.0,7.0,6.633055686950684
332,200.0,5.0,5.779942512512207
333,200.0,7.0,6.793890953063965
334,200.0,5.0,5.939563751220703
335,200.0,6.0,5.824407577514648
336,200.0,6.0,6.042140007019043
337,200.0,4.0,6.052298545837402
338,200.0,6.0,5.678974151611328
339,200.0,6.0,5.682288646697998
340,200.0,7.0,6.326786041259766
341,200.0,6.0,5.93708610534668
342,200.0,8.0,6.625431537628174
343,200.0,6.0,6.5221381187438965
344,200.0,5.0,5.438641548156738
345,200.0,7.0,6.068866729736328
346,200.0,6.0,5.677801132202148
347,200.0,6.0,6.5200605392456055
348,200.0,5.0,5.991257667541504
349,200.0,7.0,6.265798091888428
350,200.0,7.0,6.103804111480713
351,200.0,6.0,5.632663726806641
352,200.0,6.0,6.751354217529297
353,200.0,5.0,5.739156723022461
354,200.0,7.0,5.868447303771973
355,200.0,5.0,6.469135761260986
356,200.0,5.0,5.460687637329102
357,200.0,5.0,5.460687637329102
358,200.0,5.0,5.47158145904541
359,200.0,6.0,6.133922576904297
360,200.0,5.0,6.2274675369262695
361,200.0,7.0,6.500385284423828
362,200.0,7.0,6.18475866317749
363,200.0,6.0,6.131051063537598
364,200.0,5.0,5.836060523986816
365,200.0,6.0,5.482171058654785
366,200.0,6.0,6.256535530090332
367,200.0,6.0,6.558558464050293
368,200.0,7.0,6.902126789093018
369,200.0,7.0,6.47617244720459
370,200.0,6.0,6.731207370758057
371,200.0,6.0,5.414011478424072
372,200.0,5.0,5.429543495178223
373,200.0,4.0,5.313185214996338
374,200.0,5.0,5.425681114196777
375,200.0,6.0,5.7489213943481445
376,200.0,6.0,6.581713676452637
377,200.0,7.0,6.687346458435059
378,200.0,5.0,5.386765003204346
379,200.0,5.0,5.749824523925781
380,200.0,7.0,5.844470977783203
381,200.0,6.0,5.651897430419922
382,200.0,6.0,5.396012306213379
383,200.0,6.0,5.396012306213379
384,200.0,7.0,6.321263313293457
385,200.0,6.0,5.884912490844727
386,200.0,6.0,6.386697769165039
387,200.0,6.0,5.569190979003906
388,200.0,6.0,6.037031173706055
389,200.0,6.0,6.347100257873535
390,200.0,6.0,6.209031581878662
391,200.0,5.0,5.709943771362305
392,200.0,7.0,5.881970405578613
393,200.0,7.0,5.793246746063232
394,200.0,6.0,5.586505889892578
395,200.0,6.0,5.259559631347656
396,200.0,5.0,5.959133148193359
397,200.0,7.0,6.806245803833008
398,200.0,7.0,5.753461837768555
399,200.0,7.0,5.753461837768555
400,200.0,5.0,5.852471351623535
401,200.0,5.0,6.030238628387451
402,200.0,5.0,6.009809494018555
403,200.0,5.0,5.870196342468262
404,200.0,6.0,5.852144241333008
405,200.0,4.0,5.6585516929626465
406,200.0,6.0,6.009317398071289
407,200.0,6.0,6.151587009429932
408,200.0,6.0,6.320618629455566
409,200.0,6.0,6.103667259216309
410,200.0,5.0,5.6229658126831055
411,200.0,6.0,6.072042465209961
412,200.0,5.0,6.521485805511475
413,200.0,7.0,6.674428939819336
414,200.0,7.0,6.22158670425415
415,200.0,8.0,5.65485954284668
416,200.0,8.0,5.65485954284668
417,200.0,8.0,5.711474418640137
418,200.0,8.0,5.65485954284668
419,200.0,6.0,5.814716339111328
420,200.0,6.0,6.279181480407715
421,200.0,5.0,5.891230583190918
422,200.0,5.0,5.847738265991211
423,200.0,5.0,5.681248664855957
424,200.0,6.0,6.116986274719238
425,200.0,5.0,5.237789630889893
426,200.0,6.0,5.883155822753906
427,200.0,6.0,6.047372341156006
428,200.0,6.0,6.177885055541992
429,200.0,6.0,5.642031669616699
430,200.0,5.0,6.1606574058532715
431,200.0,5.0,5.16534423828125
432,200.0,7.0,6.622666358947754
433,200.0,6.0,6.443080902099609
434,200.0,6.0,5.591790199279785
435,200.0,5.0,6.053206443786621
436,200.0,5.0,5.878535747528076
437,200.0,7.0,6.331664085388184
438,200.0,5.0,5.5658159255981445
439,200.0,6.0,6.593836784362793
440,200.0,7.0,6.207266807556152
441,200.0,5.0,5.892453193664551
442,200.0,6.0,5.982693672180176
443,200.0,6.0,5.558866500854492
444,200.0,5.0,6.278146743774414
445,200.0,6.0,5.8455915451049805
446,200.0,6.0,5.836361408233643
447,200.0,7.0,6.916927337646484
448,200.0,7.0,5.381770610809326
449,200.0,6.0,5.808259010314941
450,200.0,4.0,5.312368392944336
451,200.0,4.0,5.989752769470215
452,200.0,5.0,5.887916564941406
453,200.0,7.0,6.458687782287598
454,200.0,8.0,6.68276834487915
455,200.0,8.0,6.404116630554199
456,200.0,5.0,5.7417402267456055
457,200.0,6.0,6.244219779968262
458,200.0,6.0,5.767030239105225
459,200.0,6.0,6.3223185539245605
460,200.0,7.0,6.380061626434326
461,200.0,5.0,4.88729190826416
462,200.0,7.0,6.728305816650391
463,200.0,5.0,5.0595383644104
464,200.0,6.0,5.730528831481934
465,200.0,5.0,5.5633697509765625
466,200.0,5.0,5.48344612121582
467,200.0,7.0,5.867246627807617
468,200.0,4.0,5.2621917724609375
469,200.0,5.0,5.934366226196289
470,200.0,5.0,5.413278102874756
471,200.0,6.0,5.566946029663086
472,200.0,5.0,5.086635589599609
473,200.0,6.0,5.43342924118042
474,200.0,5.0,4.957010269165039
475,200.0,6.0,5.249300003051758
476,200.0,5.0,4.931690216064453
477,200.0,6.0,5.559323310852051
478,200.0,5.0,5.276350498199463
479,200.0,6.0,5.502076625823975
480,200.0,5.0,5.117447853088379
481,200.0,7.0,5.666939735412598
482,200.0,5.0,4.913039684295654
483,200.0,5.0,5.080226898193359
484,200.0,4.0,5.755161285400391
485,200.0,5.0,5.473153114318848
486,200.0,5.0,5.363455295562744
487,200.0,6.0,5.486382007598877
488,200.0,5.0,5.459262371063232
489,200.0,5.0,5.416526794433594
490,200.0,6.0,5.483162879943848
491,200.0,6.0,5.912827968597412
492,200.0,7.0,6.09868049621582
493,200.0,6.0,5.490614891052246
494,200.0,5.0,5.147523403167725
495,200.0,5.0,5.563621520996094
496,200.0,4.0,4.679671764373779
497,200.0,4.0,5.228787422180176
498,200.0,5.0,5.5404744148254395
499,200.0,6.0,6.027021408081055
500,200.0,6.0,5.90095329284668
501,200.0,5.0,5.035911560058594
502,200.0,6.0,6.076881408691406
503,200.0,6.0,5.482168197631836
504,200.0,7.0,6.488182067871094
505,200.0,5.0,5.819166660308838
506,200.0,6.0,6.3738203048706055
507,200.0,6.0,6.704423904418945
508,200.0,6.0,5.5835490226745605
509,200.0,6.0,5.728921413421631
510,200.0,6.0,5.298492431640625
511,200.0,5.0,6.103680610656738
512,200.0,5.0,4.969002723693848
513,200.0,6.0,6.590446949005127
514,200.0,6.0,6.863376617431641
515,200.0,6.0,5.305141925811768
516,200.0,5.0,4.9304656982421875
517,200.0,5.0,5.55699348449707
518,200.0,6.0,5.424663543701172
519,200.0,5.0,4.99803352355957
520,200.0,5.0,5.6781768798828125
521,200.0,6.0,5.868550777435303
522,200.0,6.0,5.621403694152832
523,200.0,5.0,5.88021183013916
524,200.0,5.0,5.808755874633789
525,200.0,5.0,5.989495277404785
526,200.0,6.0,5.865023612976074
527,200.0,6.0,5.865023612976074
528,200.0,6.0,5.690366744995117
529,200.0,5.0,5.796974182128906
530,200.0,5.0,5.362366676330566
531,200.0,6.0,5.535256385803223
532,200.0,6.0,5.750437259674072
533,200.0,5.0,5.473847389221191
534,200.0,6.0,6.557441234588623
535,200.0,5.0,5.534772872924805
536,200.0,5.0,6.223505973815918
537,200.0,6.0,5.4147844314575195
538,200.0,6.0,5.0014543533325195
539,200.0,5.0,5.581632614135742
540,200.0,5.0,5.233574867248535
541,200.0,7.0,5.229501724243164
542,200.0,6.0,6.076316833496094
543,200.0,5.0,5.3251447677612305
544,200.0,6.0,5.547881126403809
545,200.0,5.0,5.213000297546387
546,200.0,5.0,5.284887790679932
547,200.0,5.0,5.180912017822266
548,200.0,6.0,5.288553237915039
549,200.0,5.0,4.946876525878906
550,200.0,6.0,6.110531330108643
551,200.0,5.0,5.4004998207092285
552,200.0,5.0,5.185420036315918
553,200.0,6.0,5.573060989379883
554,200.0,5.0,5.349956035614014
555,200.0,5.0,5.09075927734375
556,200.0,5.0,4.923745632171631
557,200.0,5.0,5.441952705383301
558,200.0,5.0,5.6759724617004395
559,200.0,7.0,6.656058311462402
560,200.0,6.0,5.741879463195801
561,200.0,6.0,5.771059513092041
562,200.0,5.0,5.9020676612854
563,200.0,7.0,6.487307071685791
564,200.0,7.0,5.9834065437316895
565,200.0,6.0,5.999246120452881
566,200.0,6.0,5.599443435668945
567,200.0,7.0,5.9498677253723145
568,200.0,6.0,6.313647270202637
569,200.0,5.0,5.150529384613037
570,200.0,6.0,6.110300064086914
571,200.0,4.0,4.798825263977051
572,200.0,7.0,6.71722412109375
573,200.0,7.0,6.908464431762695
574,200.0,7.0,5.227373123168945
575,200.0,7.0,6.4522600173950195
576,200.0,6.0,6.444334983825684
577,200.0,6.0,6.444334983825684
578,200.0,5.0,5.486092567443848
579,200.0,7.0,5.801095008850098
580,200.0,6.0,6.215025901794434
581,200.0,6.0,6.3715667724609375
582,200.0,7.0,5.879403114318848
583,200.0,6.0,5.840165615081787
584,200.0,7.0,6.10679817199707
585,200.0,5.0,4.938338756561279
586,200.0,6.0,5.71242618560791
587,200.0,6.0,6.306649208068848
588,200.0,7.0,6.637672424316406
589,200.0,6.0,6.730747222900391
590,200.0,6.0,5.879229545593262
591,200.0,6.0,5.7706451416015625
592,200.0,6.0,6.753460884094238
593,200.0,8.0,6.696547508239746
594,200.0,6.0,6.304607391357422
595,200.0,6.0,5.574878692626953
596,200.0,5.0,5.262729644775391
597,200.0,6.0,6.140304088592529
598,200.0,5.0,5.940236568450928
599,200.0,6.0,5.637799263000488
600,200.0,6.0,5.885290145874023
601,200.0,5.0,5.740627288818359
602,200.0,5.0,5.513217449188232
603,200.0,6.0,6.111327171325684
604,200.0,6.0,6.198713779449463
605,200.0,4.0,5.707079887390137
606,200.0,6.0,6.187833786010742
607,200.0,5.0,5.263721942901611
608,200.0,4.0,6.281408786773682
609,200.0,6.0,5.867196559906006
610,200.0,6.0,6.108119010925293
611,200.0,5.0,5.355337619781494
612,200.0,5.0,5.466551303863525
613,200.0,6.0,5.749185562133789
614,200.0,5.0,5.570688247680664
615,200.0,6.0,5.60667610168457
616,200.0,5.0,5.453027248382568
617,200.0,6.0,5.674164295196533
618,200.0,3.0,5.154845714569092
619,200.0,6.0,5.7207136154174805
620,200.0,5.0,5.27658748626709
621,200.0,7.0,5.666833877563477
622,200.0,5.0,5.285131454467773
623,200.0,7.0,6.48406982421875
624,200.0,6.0,5.899615287780762
625,200.0,5.0,5.8226213455200195
626,200.0,6.0,5.924491882324219
627,200.0,4.0,5.103622913360596
628,200.0,7.0,5.804531097412109
629,200.0,3.0,5.077667236328125
630,200.0,5.0,5.683035850524902
631,200.0,3.0,5.145456314086914
632,200.0,6.0,5.030559539794922
633,200.0,6.0,5.820435047149658
634,200.0,6.0,5.839051246643066
635,200.0,6.0,5.630434513092041
636,200.0,6.0,6.0066328048706055
637,200.0,5.0,6.180424213409424
638,200.0,5.0,5.824361324310303
639,200.0,5.0,5.32633113861084
640,200.0,5.0,5.242477893829346
641,200.0,5.0,5.603975296020508
642,200.0,5.0,5.603975296020508
643,200.0,6.0,6.1022210121154785
644,200.0,6.0,6.1719889640808105
645,200.0,5.0,5.482507705688477
646,400.0,6.0,5.955700397491455
647,400.0,6.0,6.005007266998291
648,400.0,6.0,5.284844875335693
649,400.0,6.0,5.912219524383545
650,400.0,6.0,5.974648952484131
651,400.0,6.0,5.673208713531494
652,400.0,6.0,4.944098949432373
653,400.0,5.0,5.812867164611816
654,400.0,6.0,5.617347717285156
655,400.0,5.0,5.892302989959717
656,400.0,6.0,5.859044551849365
657,400.0,6.0,6.017544746398926
658,400.0,6.0,6.085739612579346
659,400.0,6.0,5.496755123138428
660,400.0,6.0,5.62971830368042
661,400.0,6.0,5.683656215667725
662,400.0,5.0,5.811925411224365
663,400.0,6.0,5.552035808563232
664,400.0,5.0,5.571491718292236
665,400.0,7.0,5.727774143218994
666,400.0,3.0,5.791711330413818
667,400.0,7.0,5.628751277923584
668,400.0,5.0,5.829620361328125
669,400.0,5.0,6.081781387329102
670,400.0,5.0,5.198172092437744
671,400.0,7.0,5.634205341339111
672,400.0,5.0,6.038670063018799
673,400.0,6.0,5.861142635345459
674,400.0,6.0,5.818701267242432
675,400.0,7.0,6.276857852935791
676,400.0,5.0,5.437007427215576
677,400.0,6.0,5.631582736968994
678,400.0,7.0,6.047226428985596
679,400.0,5.0,5.3762640953063965
680,400.0,7.0,5.570506572723389
681,400.0,5.0,5.740660190582275
682,400.0,5.0,6.239833831787109
683,400.0,5.0,5.6762471199035645
684,400.0,5.0,5.058090686798096
685,400.0,6.0,5.826879024505615
686,400.0,6.0,5.841116905212402
687,400.0,5.0,5.705454349517822
688,400.0,5.0,5.59691047668457
689,400.0,7.0,5.580175876617432
690,400.0,7.0,6.477590084075928
691,400.0,8.0,6.374200820922852
692,400.0,6.0,5.962889194488525
693,400.0,7.0,6.0568647384643555
694,400.0,6.0,5.3869829177856445
695,400.0,6.0,5.581854343414307
696,400.0,6.0,5.614828109741211
697,400.0,5.0,5.8033318519592285
698,400.0,5.0,5.4258036613464355
699,400.0,5.0,5.67183256149292
700,400.0,5.0,5.67183256149292
701,400.0,7.0,6.0789713859558105
702,400.0,5.0,5.686345100402832
703,400.0,5.0,5.67112922668457
704,400.0,6.0,5.868699550628662
705,400.0,8.0,6.205612659454346
706,400.0,6.0,6.195568084716797
707,400.0,5.0,5.621020793914795
708,400.0,4.0,4.926339626312256
709,400.0,7.0,5.74157190322876
710,400.0,7.0,5.74157190322876
711,400.0,5.0,5.721312999725342
712,400.0,4.0,5.702381610870361
713,400.0,5.0,5.686938285827637
714,400.0,6.0,5.843071460723877
715,400.0,6.0,5.9595046043396
716,400.0,6.0,5.831697940826416
717,400.0,7.0,6.518983364105225
718,400.0,6.0,5.724132537841797
719,400.0,7.0,5.777350425720215
720,400.0,5.0,5.643868923187256
721,400.0,6.0,5.640662670135498
722,400.0,7.0,5.894388198852539
723,400.0,5.0,5.565613269805908
724,400.0,9.0,6.2895636558532715
725,400.0,7.0,6.081225872039795
726,400.0,8.0,6.639336109161377
727,400.0,8.0,6.587667942047119
728,400.0,3.0,5.376197338104248
729,400.0,6.0,5.541170597076416
730,400.0,5.0,5.563736915588379
731,400.0,5.0,5.47576379776001
732,400.0,5.0,5.764181613922119
733,400.0,7.0,5.412496566772461
734,400.0,6.0,5.690824031829834
735,400.0,5.0,5.773617267608643
736,400.0,7.0,6.016131401062012
737,400.0,5.0,5.515101909637451
738,400.0,5.0,5.679168701171875
739,400.0,6.0,5.9796462059021
740,400.0,7.0,6.231232166290283
741,400.0,6.0,6.031569004058838
742,400.0,5.0,5.151587009429932
743,400.0,5.0,5.627830982208252
744,400.0,6.0,5.842284202575684
745,400.0,6.0,5.973571300506592
746,400.0,5.0,5.5556464195251465
747,400.0,7.0,5.735562801361084
748,400.0,6.0,6.154929161071777
749,400.0,7.0,6.058073997497559
750,400.0,4.0,5.215536594390869
751,400.0,6.0,5.721092700958252
752,400.0,5.0,5.693142414093018
753,400.0,5.0,5.26316499710083
754,400.0,5.0,5.26316499710083
755,400.0,4.0,5.4406232833862305
756,400.0,6.0,5.514233112335205
757,400.0,6.0,5.526423931121826
758,400.0,6.0,5.598660469055176
759,400.0,5.0,5.592255115509033
760,400.0,5.0,5.28068208694458
761,400.0,5.0,4.851096153259277
762,400.0,5.0,5.60211706161499
763,400.0,5.0,5.5900044441223145
764,400.0,7.0,5.97730016708374
765,400.0,6.0,5.323662281036377
766,400.0,7.0,5.563648700714111
767,400.0,7.0,5.563648700714111
768,400.0,5.0,5.579583168029785
769,400.0,6.0,5.4138264656066895
770,400.0,7.0,5.9708943367004395
771,400.0,7.0,6.549084186553955
772,400.0,6.0,5.694168567657471
773,400.0,6.0,5.578405380249023
774,400.0,6.0,6.092989921569824
775,400.0,7.0,6.222249507904053
776,400.0,6.0,5.5111565589904785
777,400.0,6.0,5.2114033699035645
778,400.0,7.0,5.514126300811768
779,400.0,6.0,5.741979598999023
780,400.0,6.0,5.487236499786377
781,400.0,8.0,5.571794509887695
782,400.0,4.0,4.997418403625488
783,400.0,5.0,5.3976006507873535
784,400.0,6.0,5.598276615142822
785,400.0,7.0,5.986268997192383
786,400.0,6.0,5.9041266441345215
787,400.0,6.0,5.697332382202148
788,400.0,6.0,5.6502766609191895
789,400.0,5.0,5.574086666107178
790,400.0,6.0,5.597118854522705
791,400.0,5.0,6.232367515563965
792,400.0,5.0,5.652034282684326
793,400.0,5.0,5.55443000793457
794,400.0,7.0,6.176397800445557
795,400.0,6.0,6.123227119445801
796,400.0,5.0,5.276123523712158
797,400.0,7.0,6.184070110321045
798,400.0,5.0,6.028172016143799
799,400.0,6.0,5.535394668579102
800,400.0,6.0,5.747973918914795
801,400.0,5.0,5.672914505004883
802,400.0,7.0,5.540069580078125
803,400.0,7.0,5.540069580078125
804,400.0,5.0,6.2772650718688965
805,400.0,6.0,6.1757941246032715
806,400.0,5.0,5.714540481567383
807,400.0,7.0,6.254632949829102
808,400.0,6.0,5.815269947052002
809,400.0,5.0,5.436634540557861
810,400.0,5.0,6.216407299041748
811,400.0,6.0,5.583868026733398
812,400.0,7.0,6.0008158683776855
813,400.0,6.0,6.021584987640381
814,400.0,6.0,5.821049213409424
815,400.0,6.0,6.039736270904541
816,400.0,5.0,5.540945529937744
817,400.0,5.0,5.660913944244385
818,400.0,5.0,5.7200140953063965
819,400.0,5.0,5.7200140953063965
820,400.0,6.0,5.563470363616943
821,400.0,5.0,5.656994342803955
822,400.0,6.0,5.375700950622559
823,400.0,6.0,5.788987636566162
824,400.0,5.0,5.639988422393799
825,400.0,5.0,5.5967583656311035
826,400.0,5.0,5.751803874969482
827,400.0,5.0,5.4141058921813965
828,400.0,7.0,5.6400065422058105
829,400.0,5.0,5.542495250701904
830,400.0,5.0,5.732901573181152
831,400.0,6.0,5.763827800750732
832,400.0,6.0,5.569142818450928
833,400.0,5.0,5.350430011749268
834,400.0,5.0,5.752291202545166
835,400.0,5.0,5.538589000701904
836,400.0,5.0,5.735190391540527
837,400.0,5.0,5.620072841644287
838,400.0,5.0,5.574553966522217
839,400.0,6.0,5.506927967071533
840,400.0,6.0,5.701423168182373
841,400.0,5.0,5.763499736785889
842,400.0,5.0,5.759840488433838
843,400.0,6.0,6.580249309539795
844,400.0,6.0,5.755848407745361
845,400.0,5.0,5.505201816558838
846,400.0,5.0,4.98764181137085
847,400.0,5.0,5.81643533706665
848,400.0,4.0,5.6386494636535645
849,400.0,5.0,5.498371601104736
850,400.0,6.0,6.0922770500183105
851,400.0,5.0,5.318749904632568
852,400.0,7.0,5.845590114593506
853,400.0,7.0,6.54966402053833
854,400.0,7.0,6.43459939956665
855,400.0,6.0,6.41989803314209
856,400.0,5.0,5.737014293670654
857,400.0,5.0,5.74097204208374
858,400.0,4.0,5.473076343536377
859,400.0,3.0,4.921289920806885
860,400.0,4.0,5.320891857147217
861,400.0,6.0,5.908743858337402
862,400.0,5.0,5.736013412475586
863,400.0,7.0,6.410923480987549
864,400.0,5.0,5.713697910308838
865,400.0,5.0,5.7179765701293945
866,400.0,5.0,5.686067581176758
867,400.0,5.0,5.686067581176758
868,400.0,6.0,6.133841514587402
869,400.0,6.0,5.7939324378967285
870,400.0,6.0,5.605551719665527
871,400.0,5.0,5.7499518394470215
872,400.0,5.0,5.700747013092041
873,400.0,5.0,5.613383769989014
874,400.0,4.0,4.983907699584961
875,400.0,6.0,5.472184181213379
876,400.0,5.0,5.220310211181641
877,400.0,7.0,6.4508538246154785
878,400.0,5.0,5.463926315307617
879,400.0,5.0,5.714422702789307
880,400.0,6.0,5.659038066864014
881,400.0,5.0,5.5445122718811035
882,400.0,5.0,5.687915325164795
883,400.0,5.0,5.687915325164795
884,400.0,5.0,5.43316125869751
885,400.0,5.0,5.390961170196533
886,400.0,4.0,5.244484901428223
887,400.0,5.0,5.93262243270874
888,400.0,5.0,5.478572845458984
889,400.0,6.0,6.447486400604248
890,400.0,5.0,5.647921085357666
891,400.0,6.0,5.678933620452881
892,400.0,7.0,6.652950763702393
893,400.0,6.0,6.594583511352539
894,400.0,6.0,5.745184421539307
895,400.0,6.0,5.744119644165039
896,400.0,6.0,5.59630823135376
897,400.0,7.0,6.449910640716553
898,400.0,7.0,6.2768120765686035
899,400.0,6.0,5.629510402679443
900,400.0,7.0,5.9508891105651855
901,400.0,6.0,5.61069917678833
902,400.0,6.0,5.6107001304626465
903,400.0,6.0,5.7883076667785645
904,400.0,7.0,6.345160007476807
905,400.0,7.0,6.312322616577148
906,400.0,6.0,5.49988317489624
907,400.0,6.0,6.159501552581787
908,400.0,5.0,5.877805709838867
909,400.0,4.0,5.986584186553955
910,400.0,6.0,5.978713035583496
911,400.0,7.0,6.200877666473389
912,400.0,6.0,6.328179836273193
913,400.0,7.0,6.216851711273193
914,400.0,6.0,6.309351444244385
915,400.0,6.0,5.965953350067139
916,400.0,7.0,6.258601188659668
917,400.0,5.0,5.71317720413208
918,400.0,7.0,6.564894199371338
919,400.0,5.0,6.26362943649292
920,400.0,7.0,6.368443965911865
921,400.0,5.0,5.604298114776611
922,400.0,6.0,5.983903408050537
923,400.0,6.0,6.0659613609313965
924,400.0,7.0,6.05234956741333
925,400.0,7.0,6.424140453338623
926,400.0,7.0,6.058244705200195
927,400.0,6.0,6.31427526473999
928,400.0,7.0,6.548330783843994
929,400.0,6.0,6.217403888702393
930,400.0,6.0,5.7333502769470215
931,400.0,8.0,6.610048294067383
932,400.0,8.0,5.513638019561768
933,400.0,5.0,5.583532810211182
934,400.0,6.0,5.969881057739258
935,400.0,7.0,6.315203666687012
936,400.0,6.0,6.426466941833496
937,400.0,6.0,5.650132656097412
938,400.0,6.0,5.735579013824463
939,400.0,6.0,6.2465386390686035
940,400.0,8.0,6.554930210113525
941,400.0,8.0,6.333354473114014
942,400.0,5.0,5.993977069854736
943,400.0,7.0,6.238474369049072
944,400.0,5.0,5.747147560119629
945,400.0,6.0,6.263733386993408
946,400.0,6.0,6.341608047485352
947,400.0,5.0,5.655374526977539
948,400.0,7.0,6.170252323150635
949,400.0,6.0,5.632805347442627
950,400.0,6.0,6.532214641571045
951,400.0,7.0,6.516744136810303
952,400.0,6.0,6.361136436462402
953,400.0,6.0,5.7963547706604
954,400.0,5.0,5.920128345489502
955,400.0,6.0,5.9893479347229
956,400.0,7.0,6.25757360458374
957,400.0,7.0,5.642707347869873
958,400.0,6.0,5.622986793518066
959,400.0,6.0,6.501312732696533
960,400.0,6.0,6.207676410675049
961,400.0,6.0,6.331236362457275
962,400.0,8.0,6.584434986114502
963,400.0,5.0,5.388847827911377
964,400.0,6.0,6.236826419830322
965,400.0,8.0,6.598487854003906
966,400.0,5.0,5.694204807281494
967,400.0,5.0,6.584903240203857
968,400.0,7.0,6.473754405975342
969,400.0,6.0,5.838504791259766
970,400.0,6.0,6.731867790222168
971,400.0,5.0,5.551581859588623
972,400.0,7.0,6.1086320877075195
973,400.0,6.0,5.950778007507324
974,400.0,6.0,6.2803263664245605
975,400.0,8.0,5.537419319152832
976,400.0,6.0,6.081355571746826
977,400.0,7.0,6.617990016937256
978,400.0,5.0,5.7450385093688965
979,400.0,7.0,6.752159595489502
980,400.0,5.0,6.0093607902526855
981,400.0,6.0,5.738677978515625
982,400.0,6.0,6.015397071838379
983,400.0,4.0,5.820021152496338
984,400.0,6.0,5.521016597747803
985,400.0,6.0,5.741352558135986
986,400.0,7.0,6.256279468536377
987,400.0,6.0,5.844516277313232
988,400.0,8.0,6.631250381469727
989,400.0,6.0,6.500234127044678
990,400.0,5.0,5.538197994232178
991,400.0,7.0,5.915253639221191
992,400.0,6.0,5.66495418548584
993,400.0,6.0,6.508452892303467
994,400.0,5.0,5.76079797744751
995,400.0,7.0,6.260826587677002
996,400.0,7.0,6.13146448135376
997,400.0,6.0,5.549838542938232
998,400.0,6.0,6.710463047027588
999,400.0,5.0,5.627380847930908
1000,400.0,7.0,5.722279071807861
1001,400.0,5.0,6.441787242889404
1002,400.0,5.0,5.428563594818115
1003,400.0,5.0,5.428563594818115
1004,400.0,5.0,5.5022358894348145
1005,400.0,6.0,6.1113762855529785
1006,400.0,5.0,6.28528356552124
1007,400.0,7.0,6.464870929718018
1008,400.0,7.0,6.088981628417969
1009,400.0,6.0,6.112708568572998
1010,400.0,5.0,5.883656024932861
1011,400.0,6.0,5.349839687347412
1012,400.0,6.0,6.276188373565674
1013,400.0,6.0,6.4960503578186035
1014,400.0,7.0,6.854464054107666
1015,400.0,7.0,6.444290637969971
1016,400.0,6.0,6.6958208084106445
1017,400.0,6.0,5.797543048858643
1018,400.0,5.0,5.554311275482178
1019,400.0,4.0,5.358978748321533
1020,400.0,5.0,5.459225177764893
1021,400.0,6.0,5.673251628875732
1022,400.0,6.0,6.4309983253479
1023,400.0,7.0,6.598596096038818
1024,400.0,5.0,5.376841068267822
1025,400.0,5.0,5.597729206085205
1026,400.0,7.0,5.824653148651123
1027,400.0,6.0,5.788764476776123
1028,400.0,6.0,5.437681674957275
1029,400.0,6.0,5.437681674957275
1030,400.0,7.0,6.254584789276123
1031,400.0,6.0,5.708462715148926
1032,400.0,6.0,6.377175331115723
1033,400.0,6.0,5.509267330169678
1034,400.0,6.0,5.996023654937744
1035,400.0,6.0,6.367218494415283
1036,400.0,6.0,6.174025058746338
1037,400.0,5.0,5.442205905914307
1038,400.0,7.0,5.690662860870361
1039,400.0,7.0,5.603407382965088
1040,400.0,6.0,5.47416353225708
1041,400.0,6.0,5.3164496421813965
1042,400.0,5.0,5.991618633270264
1043,400.0,7.0,6.6477274894714355
1044,400.0,7.0,5.68148946762085
1045,400.0,7.0,5.68148946762085
1046,400.0,5.0,5.8241801261901855
1047,400.0,5.0,5.963711261749268
1048,400.0,5.0,6.110217094421387
1049,400.0,5.0,5.880415439605713
1050,400.0,6.0,5.90452241897583
1051,400.0,4.0,5.541883945465088
1052,400.0,6.0,6.017048358917236
1053,400.0,6.0,6.190202713012695
1054,400.0,6.0,6.221339702606201
1055,400.0,6.0,6.057592868804932
1056,400.0,5.0,5.669182300567627
1057,400.0,6.0,6.110255718231201
1058,400.0,5.0,6.483176231384277
1059,400.0,7.0,6.6232075691223145
1060,400.0,7.0,6.1930832862854
1061,400.0,8.0,5.594761371612549
1062,400.0,8.0,5.594761371612549
1063,400.0,8.0,5.690266132354736
1064,400.0,8.0,5.594761371612549
1065,400.0,6.0,5.817162990570068
1066,400.0,6.0,6.212233543395996
1067,400.0,5.0,5.924599647521973
1068,400.0,5.0,5.740345478057861
1069,400.0,5.0,5.698645114898682
1070,400.0,6.0,5.984942436218262
1071,400.0,5.0,5.27550745010376
1072,400.0,6.0,5.79803466796875
1073,400.0,6.0,6.066982746124268
1074,400.0,6.0,6.141852855682373
1075,400.0,6.0,5.672370433807373
1076,400.0,5.0,6.120117664337158
1077,400.0,5.0,4.999701023101807
1078,400.0,7.0,6.573032855987549
1079,400.0,6.0,6.489345073699951
1080,400.0,6.0,5.623730659484863
1081,400.0,5.0,5.981044292449951
1082,400.0,5.0,5.902707576751709
1083,400.0,7.0,6.3085551261901855
1084,400.0,5.0,5.724396228790283
1085,400.0,6.0,6.574717998504639
1086,400.0,7.0,6.17090368270874
1087,400.0,5.0,5.946706295013428
1088,400.0,6.0,5.97916841506958
1089,400.0,6.0,5.619279384613037
1090,400.0,5.0,6.279168605804443
1091,400.0,6.0,5.754766941070557
1092,400.0,6.0,5.911222457885742
1093,400.0,7.0,6.862974643707275
1094,400.0,7.0,5.502715110778809
1095,400.0,6.0,5.875793933868408
1096,400.0,4.0,5.172887325286865
1097,400.0,4.0,5.998743534088135
1098,400.0,5.0,5.866563320159912
1099,400.0,7.0,6.3573899269104
1100,400.0,8.0,6.663973331451416
1101,400.0,8.0,6.425439357757568
1102,400.0,5.0,5.581395626068115
1103,400.0,6.0,6.311906814575195
1104,400.0,6.0,5.940425395965576
1105,400.0,6.0,6.328207015991211
1106,400.0,7.0,6.3895263671875
1107,400.0,5.0,4.875148296356201
1108,400.0,7.0,6.695271015167236
1109,400.0,5.0,4.964852809906006
1110,400.0,6.0,5.604369640350342
1111,400.0,5.0,5.429568290710449
1112,400.0,5.0,5.36343240737915
1113,400.0,7.0,5.735463619232178
1114,400.0,4.0,5.187463283538818
1115,400.0,5.0,5.745185375213623
1116,400.0,5.0,5.3532395362854
1117,400.0,6.0,5.433657169342041
1118,400.0,5.0,5.035667896270752
1119,400.0,6.0,5.464524745941162
1120,400.0,5.0,4.717443466186523
1121,400.0,6.0,5.158844947814941
1122,400.0,5.0,4.8611369132995605
1123,400.0,6.0,5.532102108001709
1124,400.0,5.0,5.18257474899292
1125,400.0,6.0,5.422271728515625
1126,400.0,5.0,5.01991605758667
1127,400.0,7.0,5.41985559463501
1128,400.0,5.0,4.813145160675049
1129,400.0,5.0,5.0936503410339355
1130,400.0,4.0,5.676706790924072
1131,400.0,5.0,5.542285442352295
1132,400.0,5.0,5.402928829193115
1133,400.0,6.0,5.310227870941162
1134,400.0,5.0,5.385437965393066
1135,400.0,5.0,5.338157653808594
1136,400.0,6.0,5.495485305786133
1137,400.0,6.0,5.835463047027588
1138,400.0,7.0,6.110013484954834
1139,400.0,6.0,5.432973384857178
1140,400.0,5.0,5.092799663543701
1141,400.0,5.0,5.473804950714111
1142,400.0,4.0,4.634207248687744
1143,400.0,4.0,5.207149982452393
1144,400.0,5.0,5.470744609832764
1145,400.0,6.0,5.821256160736084
1146,400.0,6.0,5.793093681335449
1147,400.0,5.0,4.876195430755615
1148,400.0,6.0,5.956470966339111
1149,400.0,6.0,5.475071430206299
1150,400.0,7.0,6.307248592376709
1151,400.0,5.0,5.670901775360107
1152,400.0,6.0,6.239824295043945
1153,400.0,6.0,6.547418594360352
1154,400.0,6.0,5.494929790496826
1155,400.0,6.0,5.632011413574219
1156,400.0,6.0,5.168674945831299
1157,400.0,5.0,5.996784687042236
1158,400.0,5.0,4.9346513748168945
1159,400.0,6.0,6.371724605560303
1160,400.0,6.0,6.585432529449463
1161,400.0,6.0,5.196544170379639
1162,400.0,5.0,4.820888996124268
1163,400.0,5.0,5.70741605758667
1164,400.0,6.0,5.402312278747559
1165,400.0,5.0,4.988819599151611
1166,400.0,5.0,5.793735027313232
1167,400.0,6.0,5.742931365966797
1168,400.0,6.0,5.533101558685303
1169,400.0,5.0,5.703264236450195
1170,400.0,5.0,5.7529802322387695
1171,400.0,5.0,5.83335542678833
1172,400.0,6.0,5.845250129699707
1173,400.0,6.0,5.845250129699707
1174,400.0,6.0,5.516890048980713
1175,400.0,5.0,5.838926792144775
1176,400.0,5.0,5.50624418258667
1177,400.0,6.0,5.452681064605713
1178,400.0,6.0,5.646543979644775
1179,400.0,5.0,5.381834506988525
1180,400.0,6.0,6.339846134185791
1181,400.0,5.0,5.541815280914307
1182,400.0,5.0,6.075865268707275
1183,400.0,6.0,5.328956127166748
1184,400.0,6.0,4.948416233062744
1185,400.0,5.0,5.492338180541992
1186,400.0,5.0,5.052073955535889
1187,400.0,7.0,5.046080112457275
1188,400.0,6.0,5.974703311920166
1189,400.0,5.0,5.4913554191589355
1190,400.0,6.0,5.390641689300537
1191,400.0,5.0,5.020959377288818
1192,400.0,5.0,5.186721324920654
1193,400.0,5.0,5.2392377853393555
1194,400.0,6.0,5.134530067443848
1195,400.0,5.0,4.964624881744385
1196,400.0,6.0,5.997203350067139
1197,400.0,5.0,5.3352837562561035
1198,400.0,5.0,5.295067310333252
1199,400.0,6.0,5.448261737823486
1200,400.0,5.0,5.252434730529785
1201,400.0,5.0,4.973997592926025
1202,400.0,5.0,4.802719593048096
1203,400.0,5.0,5.482435703277588
1204,400.0,5.0,5.480268478393555
1205,400.0,7.0,6.506995677947998
1206,400.0,6.0,5.512452125549316
1207,400.0,6.0,5.617936611175537
1208,400.0,5.0,5.752811431884766
1209,400.0,7.0,6.448133945465088
1210,400.0,7.0,5.805141925811768
1211,400.0,6.0,5.96339750289917
1212,400.0,6.0,5.54114294052124
1213,400.0,7.0,5.64412260055542
1214,400.0,6.0,6.213689804077148
1215,400.0,5.0,4.976101398468018
1216,400.0,6.0,6.061502933502197
1217,400.0,4.0,4.714436054229736
1218,400.0,7.0,6.513853073120117
1219,400.0,7.0,6.673272132873535
1220,400.0,7.0,5.133948802947998
1221,400.0,7.0,6.3389410972595215
1222,400.0,6.0,6.377293109893799
1223,400.0,6.0,6.377293109893799
1224,400.0,5.0,5.3851423263549805
1225,400.0,7.0,5.520246982574463
1226,400.0,6.0,6.0953497886657715
1227,400.0,6.0,6.233458042144775
1228,400.0,7.0,5.726499080657959
1229,400.0,6.0,5.694122791290283
1230,400.0,7.0,5.916813373565674
1231,400.0,5.0,4.921465873718262
1232,400.0,6.0,5.585498809814453
1233,400.0,6.0,6.133623123168945
1234,400.0,7.0,6.433473110198975
1235,400.0,6.0,6.5755157470703125
1236,400.0,6.0,5.688689708709717
1237,400.0,6.0,5.633872985839844
1238,400.0,6.0,6.575080394744873
1239,400.0,8.0,6.476553440093994
1240,400.0,6.0,6.198230266571045
1241,400.0,6.0,5.389079570770264
1242,400.0,5.0,5.1459174156188965
1243,400.0,6.0,6.011171340942383
1244,400.0,5.0,5.83093786239624
1245,400.0,6.0,5.6045660972595215
1246,400.0,6.0,5.7505621910095215
1247,400.0,5.0,5.314973831176758
1248,400.0,5.0,5.46289587020874
1249,400.0,6.0,6.001088619232178
1250,400.0,6.0,6.126698970794678
1251,400.0,4.0,5.617154121398926
1252,400.0,6.0,6.000598430633545
1253,400.0,5.0,5.233327388763428
1254,400.0,4.0,5.9864301681518555
1255,400.0,6.0,5.771174907684326
1256,400.0,6.0,5.9356770515441895
1257,400.0,5.0,5.327513217926025
1258,400.0,5.0,5.346970081329346
1259,400.0,6.0,5.627827167510986
1260,400.0,5.0,5.549411296844482
1261,400.0,6.0,5.429152011871338
1262,400.0,5.0,5.252117156982422
1263,400.0,6.0,5.490019798278809
1264,400.0,3.0,5.081058025360107
1265,400.0,6.0,5.577913761138916
1266,400.0,5.0,5.307707786560059
1267,400.0,7.0,5.5343546867370605
1268,400.0,5.0,5.435513019561768
1269,400.0,7.0,6.326803684234619
1270,400.0,6.0,5.748550891876221
1271,400.0,5.0,5.7141594886779785
1272,400.0,6.0,5.938713550567627
1273,400.0,4.0,4.880572319030762
1274,400.0,7.0,5.710615158081055
1275,400.0,3.0,5.017945766448975
1276,400.0,5.0,5.4553070068359375
1277,400.0,3.0,4.9464640617370605
1278,400.0,6.0,5.011991024017334
1279,400.0,6.0,5.716809272766113
1280,400.0,6.0,5.716455936431885
1281,400.0,6.0,5.5017218589782715
1282,400.0,6.0,5.884597301483154
1283,400.0,5.0,6.009532451629639
1284,400.0,5.0,5.759127616882324
1285,400.0,5.0,5.220676898956299
1286,400.0,5.0,5.094703674316406
1287,400.0,5.0,5.463632583618164
1288,400.0,5.0,5.463632583618164
1289,400.0,6.0,5.93452262878418
1290,400.0,6.0,5.9181437492370605
1291,400.0,5.0,5.455102443695068
