,neighbourhood_group,neighbourhood,latitude,longitude,room_type,price,minimum_nights,number_of_reviews,reviews_per_month,calculated_host_listings_count,availability_365
16,2,2,1.34943,103.95951,0,50,90,58,0.59,8,364
4079,1,18,1.32681,103.85087,1,144,14,1,0.28,352,0
319,2,3,1.3284,103.94773,0,66,4,89,1.41,7,55
5351,1,19,1.29088,103.83775,0,100,2,6,0.73,1,178
469,2,3,1.33331,103.94124000000001,0,68,2,3,0.05,1,0
2522,1,6,1.31328,103.87923,0,63,2,115,3.69,24,204
3576,1,10,1.2785,103.85215,1,337,2,32,1.6,1,145
3963,1,6,1.31481,103.88593,0,58,2,24,1.41,24,263
4581,1,6,1.3133,103.88136,1,150,15,1,0.08,149,0
839,1,13,1.28582,103.84274,0,150,1,1,0.26,2,365
2308,1,18,1.32365,103.854,1,172,3,37,1.13,15,352
2273,1,16,1.31174,103.86025,0,500,1,1,0.04,20,329
1131,1,14,1.29236,103.76326999999999,1,140,1,19,0.4,1,0
5437,1,18,1.32417,103.85454,1,140,3,6,0.65,37,352
5070,1,21,1.31023,103.85367,0,26,2,4,0.38,1,0
3743,3,30,1.3755,103.8294,0,56,7,1,0.37,2,85
5080,1,18,1.31731,103.84729,3,189,3,9,0.87,352,365
3248,1,16,1.3090700000000002,103.8605,0,38,18,3,0.31,132,356
2726,1,6,1.31884,103.88209,0,100,6,25,0.86,1,62
2976,1,13,1.2836299999999998,103.8465,1,100,3,6,0.23,1,0
3084,1,6,1.31456,103.88818,1,95,20,14,0.6,27,89
3839,1,18,1.32216,103.85202,1,132,2,44,2.99,1,144
575,1,6,1.31551,103.88613000000001,1,80,90,25,0.45,27,89
3001,1,14,1.30406,103.7829,0,340,3,1,0.11,112,364
1040,1,18,1.32405,103.85256,3,118,3,6,0.12,136,227
3290,1,6,1.31179,103.88323000000001,0,60,1,45,1.96,39,360
4363,1,16,1.31554,103.85323000000001,0,150,3,7,0.47,5,175
2089,4,23,1.38053,103.75979,1,219,1,64,1.79,5,171
3886,1,18,1.32569,103.84478,1,138,15,1,0.08,149,16
4145,1,13,1.2842,103.84255,0,60,90,1,0.08,59,364
3760,1,7,1.2949700000000002,103.83906,0,105,1,7,0.38,1,115
2628,1,11,1.29785,103.8884,0,387,1,1,0.03,2,178
307,1,16,1.31326,103.85289,1,390,1,183,2.98,9,77
4176,1,13,1.2836299999999998,103.84221,0,75,90,1,0.17,59,363
929,1,16,1.32656,103.86275,0,46,2,53,1.01,2,0
2314,1,18,1.32507,103.85356999999999,1,118,3,33,0.99,15,364
2924,1,21,1.30408,103.85934,0,251,1,4,0.21,15,357
5715,1,7,1.2965,103.8393,3,95,7,21,2.76,35,315
3512,1,6,1.31188,103.87818,3,318,3,2,0.1,95,329
5211,1,10,1.27546,103.84528,0,120,90,1,0.23,6,364
1473,1,13,1.28155,103.84521,0,184,1,2,0.06,1,173
2985,1,14,1.30372,103.78231,1,161,30,5,0.19,352,327
1986,2,3,1.31817,103.90939,0,41,1,50,1.99,3,55
2925,1,21,1.30534,103.85898,0,261,1,2,0.25,15,364
6110,4,9,1.34035,103.71859,0,58,200,2,0.49,2,79
2672,0,32,1.40564,103.82217,0,400,1,1,0.03,2,179
3401,1,13,1.28158,103.84871,1,258,2,23,1.05,25,30
1789,1,7,1.29601,103.83794,0,88,1,11,0.29,37,360
3697,1,20,1.3023799999999999,103.83572,3,600,1,8,0.47,3,323
3865,1,16,1.30985,103.8719,3,21,1,2,0.36,116,360
2078,4,9,1.34717,103.69488,0,70,2,20,0.86,3,364
991,1,6,1.3107,103.88178,1,70,1,1,0.02,2,0
1695,1,6,1.31399,103.88331,1,145,30,67,1.65,12,87
3726,2,35,1.3708,103.96211,0,36,1,1,0.05,1,89
910,1,19,1.28672,103.84831,2,56,1,44,0.83,9,244
1558,1,7,1.29826,103.83843,1,140,6,87,2.04,37,341
65,2,3,1.31259,103.91067,0,70,2,77,0.94,1,364
533,3,24,1.4106100000000001,103.90128,1,135,1,2,0.04,1,0
5267,3,8,1.35691,103.86147,0,75,30,62,6.0,4,55
2223,1,14,1.30636,103.78414000000001,0,73,1,3,0.09,1,0
2170,1,10,1.27462,103.84248000000001,0,300,1,10,0.34,10,180
1929,4,9,1.35285,103.705,0,46,1,15,0.4,1,0
5506,1,16,1.31741,103.85292,1,298,7,1,0.11,103,365
6965,3,17,1.37686,103.90169,2,80,2,1,0.54,2,89
556,3,34,1.38404,103.89558000000001,0,40,3,5,0.09,2,315
4039,1,10,1.27455,103.84574,1,165,30,3,0.23,352,300
4095,1,19,1.28778,103.84680999999999,1,387,2,60,3.56,12,151
970,1,16,1.30789,103.86317,0,50,18,1,0.03,101,354
3960,1,18,1.3148,103.83936,0,50,2,26,1.64,1,0
2595,1,14,1.2924200000000001,103.76895,2,26,1,26,0.87,8,117
1021,1,21,1.30349,103.84881,2,40,1,5,0.1,14,329
6295,1,20,1.30741,103.8297,1,251,2,2,0.44,1,362
4296,1,7,1.29854,103.83413,1,161,90,4,0.28,352,317
3266,1,13,1.2838399999999999,103.84294,0,57,90,4,0.19,132,351
859,0,0,1.4525,103.78921,0,135,1,21,0.41,3,361
595,1,6,1.31138,103.88157,0,70,1,34,0.6,39,360
1749,3,17,1.36049,103.88457,0,70,1,2,0.05,1,0
1832,0,25,1.44096,103.82183,0,56,7,2,0.05,6,365
2351,3,34,1.38986,103.89495,0,97,1,1,0.03,1,0
4872,4,9,1.33816,103.70467,0,43,20,1,0.15,6,363
2324,4,26,1.29819,103.76398,3,199,6,17,0.59,21,365
140,1,21,1.3034299999999999,103.85799,0,120,2,2,0.12,2,365
716,1,15,1.31491,103.80578,1,120,2,4,0.07,1,0
2052,1,21,1.30245,103.85033,0,84,2,163,4.57,4,347
4239,1,21,1.30077,103.85132,1,235,1,54,3.61,2,188
5661,1,14,1.28134,103.78735,1,100,3,2,0.59,10,90
3562,1,19,1.28762,103.84707,3,219,6,21,1.04,4,56
6567,1,16,1.31166,103.87413000000001,0,125,2,1,0.34,13,326
5277,1,16,1.30922,103.86303000000001,3,26,1,2,0.21,116,163
1960,1,22,1.29805,103.85023000000001,0,58,4,5,0.29,18,177
3217,1,22,1.2961200000000002,103.85164,0,130,2,7,0.3,116,364
5176,1,16,1.31017,103.86265999999999,0,48,18,1,0.4,59,365
2796,1,10,1.2752700000000001,103.84512,1,147,30,6,0.23,352,0
406,1,6,1.3139399999999999,103.8866,1,75,90,65,1.11,27,89
6151,1,16,1.31456,103.85382,1,249,2,3,0.67,3,345
460,1,16,1.3130000000000002,103.85922,0,77,90,13,0.23,2,115
2462,1,19,1.28782,103.84619,0,27,1,7,0.4,44,329
4971,4,28,1.33445,103.74291,1,145,60,1,1.0,352,238
15,1,4,1.28677,103.81244000000001,0,40,14,10,0.13,4,364
1743,1,16,1.31565,103.85338,0,60,2,48,1.27,13,177
3441,1,7,1.2984,103.84121,1,202,15,14,0.73,7,227
2009,1,21,1.30231,103.85318000000001,1,150,90,9,0.24,1,364
3740,1,16,1.31013,103.87246999999999,3,27,1,1,0.05,116,360
2112,1,10,1.29765,103.85529,1,150,90,7,0.35,41,356
3148,1,16,1.31406,103.85598,1,150,90,3,0.14,23,90
922,1,16,1.3108799999999998,103.86117,3,44,1,59,1.12,15,353
5818,1,10,1.28983,103.85006,1,392,1,3,0.58,1,90
6877,1,6,1.31188,103.88224,1,104,60,3,1.27,1,149
985,1,13,1.2843200000000001,103.84196999999999,1,198,2,4,0.08,2,358
4056,1,12,1.3289,103.86941,1,120,2,2,0.12,1,0
4002,1,16,1.31149,103.86313,0,40,18,1,0.07,101,365
2589,1,13,1.27941,103.84325,1,115,90,10,0.34,41,275
1502,1,6,1.31487,103.88298,0,137,2,1,0.03,1,178
1093,2,35,1.38045,103.96486999999999,1,189,14,17,0.34,1,0
446,1,4,1.28304,103.82579,0,50,1,34,0.68,2,90
1664,1,6,1.31372,103.88747,1,118,1,180,4.37,1,166
1015,1,12,1.3361299999999998,103.84406,0,150,5,8,0.16,1,365
2670,1,10,1.27519,103.84396,1,290,90,5,0.18,352,314
2048,1,6,1.31449,103.89031,0,57,2,5,0.2,6,0
4326,1,6,1.3114700000000001,103.87826,1,138,3,2,0.53,41,319
5421,3,34,1.39044,103.90595,0,33,1,3,0.32,1,0
693,4,33,1.3527799999999999,103.75726999999999,1,159,90,55,0.99,1,320
1918,1,7,1.29744,103.83972,1,140,6,54,1.44,29,311
6249,1,6,1.31124,103.88815,0,66,2,3,0.78,15,0
880,1,13,1.28271,103.84586,3,93,1,4,0.17,10,355
1739,2,3,1.31798,103.91190999999999,0,46,1,141,3.84,3,177
2259,1,18,1.3230600000000001,103.85498,0,56,2,14,0.42,4,179
389,1,13,1.2843,103.84738,0,125,21,133,2.18,1,0
1475,1,7,1.29254,103.83773000000001,1,105,7,7,0.16,1,0
1911,1,6,1.3089,103.88568000000001,0,50,2,26,0.7,1,0
4619,1,14,1.3077299999999998,103.78992,2,20,1,5,0.69,1,0
905,0,32,1.42479,103.84528,0,26,1,205,3.89,1,326
2953,1,13,1.28147,103.8463,1,115,90,38,1.66,41,340
3085,1,15,1.29627,103.82928000000001,1,189,4,55,2.25,1,66
3789,1,6,1.31261,103.87593000000001,1,248,2,11,0.64,136,365
2356,1,4,1.28225,103.80322,0,100,1,1,0.03,2,0
1568,1,16,1.31131,103.85713,1,199,1,6,0.16,16,365
3480,4,23,1.39145,103.75232,0,28,1,51,2.4,2,40
3546,1,21,1.30249,103.8476,1,278,7,1,0.06,136,365
4528,1,16,1.3025200000000001,103.86198,1,105,90,4,0.48,352,336
4373,1,4,1.29031,103.83171999999999,1,245,24,3,0.24,112,364
732,1,10,1.28039,103.85233000000001,1,409,14,19,0.42,9,361
5499,1,13,1.28151,103.84513000000001,1,159,1,11,1.25,7,66
2543,1,13,1.2813700000000001,103.84504,3,31,1,10,0.37,7,0
3956,1,15,1.29463,103.83065,0,71,1,57,3.37,6,55
4826,1,6,1.3137299999999998,103.87619000000001,1,209,1,24,2.01,5,160
3539,1,21,1.30011,103.8515,0,71,1,1,0.07,4,0
219,1,15,1.29312,103.82979,1,218,2,312,4.65,1,320
1350,1,15,1.2930000000000001,103.82961999999999,0,171,30,19,0.47,3,365
2233,1,18,1.32279,103.85368000000001,1,128,3,44,1.29,15,89
1271,1,6,1.31209,103.885,0,60,1,4,0.09,1,0
765,1,13,1.28417,103.84249,0,60,90,1,0.02,101,347
615,1,18,1.32419,103.851,3,231,14,6,0.13,95,115
5473,1,16,1.30312,103.86314,1,105,90,2,0.5,352,322
4008,1,10,1.2753,103.8458,1,310,18,1,0.11,352,0
2693,4,38,1.38781,103.741,0,40,5,27,0.94,1,83
4531,1,21,1.30167,103.86200000000001,1,137,90,1,0.21,352,335
4084,1,6,1.31198,103.87787,1,169,3,3,0.65,42,365
4432,1,6,1.31225,103.87821,0,50,1,15,1.03,1,0
4453,1,12,1.33161,103.86766999999999,1,120,30,2,0.15,352,320
4171,2,3,1.32077,103.91346,0,70,2,8,0.53,2,0
411,2,3,1.32112,103.91641,0,120,3,5,0.09,23,365
5979,1,16,1.31131,103.85750999999999,1,159,30,2,0.45,28,89
106,1,10,1.27365,103.84354,1,241,5,8,0.1,1,0
4961,1,21,1.30619,103.85144,2,23,1,33,2.83,11,356
1895,1,21,1.3017299999999998,103.84619,0,121,1,9,0.32,3,365
6383,1,4,1.2738200000000002,103.83317,1,125,5,1,0.25,52,364
4116,1,18,1.3279299999999998,103.85028,1,322,30,2,0.19,352,348
4904,1,21,1.301,103.84706,1,288,3,2,0.18,103,365
6108,1,19,1.29328,103.83162,0,70,15,3,0.56,2,71
1663,1,16,1.32912,103.8645,3,199,5,1,0.05,104,326
2319,1,16,1.31021,103.85817,0,145,1,4,0.12,17,352
6524,1,18,1.3268,103.84841999999999,1,90,28,1,0.91,52,361
5690,1,6,1.31711,103.88325,1,238,2,6,0.83,4,235
4916,1,10,1.27549,103.8451,1,147,90,1,0.13,352,320
604,1,7,1.29614,103.83967,1,120,12,32,0.57,27,89
5797,2,2,1.3472,103.94673,0,56,2,1,0.14,1,0
987,2,3,1.3304200000000002,103.90565,1,179,90,36,0.71,1,329
5944,1,18,1.32083,103.85314,1,138,7,1,0.49,37,365
1496,0,0,1.43319,103.80055,0,50,90,18,0.41,1,0
4863,1,16,1.31682,103.85866,1,288,3,1,0.08,103,365
3303,1,18,1.3164,103.84213000000001,1,120,4,57,2.51,3,85
3276,1,6,1.31249,103.9008,1,90,1,1,0.04,1,0
4743,1,6,1.30972,103.87751999999999,1,208,3,6,0.49,103,180
5449,4,28,1.33477,103.74342,1,159,1,7,0.77,5,172
4423,3,17,1.36848,103.89754,0,56,2,31,2.14,1,36
2872,4,9,1.34255,103.70873,0,80,3,3,0.16,3,364
5585,1,16,1.3152700000000002,103.8555,1,397,2,3,0.74,3,93
6082,1,16,1.32812,103.86384,1,188,5,1,1.0,104,365
2554,1,7,1.29704,103.83766,0,97,6,49,1.62,29,315
121,3,17,1.36867,103.89905,0,50,4,12,0.18,2,353
1425,1,1,1.3131899999999999,103.79247,1,130,2,19,0.43,1,0
251,1,12,1.34151,103.84163000000001,0,75,3,16,0.32,18,357
2596,1,4,1.28455,103.83142,1,350,90,27,0.91,1,0
98,1,6,1.31539,103.88257,0,40,18,1,0.03,132,332
1886,1,4,1.27824,103.83775,1,98,2,8,0.21,4,0
6334,1,16,1.32653,103.86633,1,154,3,1,1.0,37,362
1866,1,18,1.31974,103.85205,1,238,10,2,0.08,136,365
7250,1,6,1.31318,103.90118000000001,1,148,5,1,1.0,11,166
3630,1,13,1.2826799999999998,103.84581999999999,1,300,5,3,0.15,1,0
7009,1,16,1.31495,103.85837,2,28,1,1,0.52,39,355
1598,4,27,1.38147,103.7616,1,151,1,151,3.83,5,172
137,1,12,1.33792,103.88593,0,50,3,62,0.85,2,303
4476,1,12,1.3358,103.86754,1,100,3,1,0.08,1,0
4137,1,10,1.27482,103.84528,1,154,30,1,0.18,352,329
4640,1,4,1.28898,103.82767,1,98,5,6,0.49,18,88
7096,1,7,1.29659,103.8385,1,125,6,1,1.0,35,344
1903,3,24,1.4056,103.8948,0,43,7,4,0.11,2,206
2607,1,21,1.30272,103.86018,3,90,1,14,0.51,8,356
2236,1,11,1.30903,103.89544000000001,1,231,4,5,0.15,1,0
2734,1,16,1.32083,103.86331,3,300,10,2,0.07,136,0
2885,1,6,1.31124,103.88693,0,179,3,52,1.96,15,52
119,1,7,1.29488,103.83973,0,87,1,110,1.44,58,360
6974,1,10,1.27874,103.84649,1,167,7,1,0.68,352,29
5765,1,6,1.31138,103.876,1,248,3,4,0.61,103,180
3755,1,11,1.30423,103.91611999999999,0,60,1,19,1.95,2,180
132,1,16,1.3117,103.86028,0,135,1,56,1.0,20,329
5237,1,4,1.2881,103.82842,0,98,3,1,0.26,18,89
218,1,18,1.31718,103.84286999999999,0,90,2,14,0.21,2,322
4610,1,18,1.32629,103.85036,3,308,28,1,0.07,95,0
2044,1,16,1.30805,103.86179,0,46,18,1,0.03,79,365
2021,1,6,1.31247,103.87799999999999,0,150,2,117,3.25,15,52
2803,1,16,1.30439,103.86106,0,94,1,145,5.11,9,179
2810,2,35,1.35471,103.96471,0,41,90,1,0.04,1,0
2133,2,3,1.32907,103.91233000000001,0,56,2,15,0.56,1,171
3270,1,14,1.28154,103.78746,0,100,14,14,0.64,14,365
3095,1,21,1.30427,103.86059,0,60,7,2,0.08,10,100
1978,1,10,1.29649,103.85526,3,175,1,24,0.67,7,356
6097,1,6,1.31229,103.8856,1,228,14,1,0.49,53,334
3520,1,14,1.29261,103.76986,2,26,1,10,0.55,8,97
6121,1,7,1.29465,103.83842,0,90,6,5,1.06,29,336
3531,1,18,1.32628,103.84832,1,168,5,4,0.2,104,341
4950,1,21,1.30692,103.85112,0,120,1,1,0.11,11,311
3640,1,16,1.3280100000000001,103.86398,3,258,2,4,0.21,136,326
6018,1,13,1.27746,103.84335,0,90,1,2,1.07,14,360
6113,1,6,1.31015,103.88135,0,60,1,1,0.42,39,360
3728,1,10,1.27445,103.84506999999999,1,161,7,2,0.13,352,30
4770,1,21,1.30207,103.85812,3,199,1,5,0.47,7,346
2518,4,26,1.31031,103.76257,3,285,89,1,0.06,48,180
4620,1,16,1.31039,103.86137,0,50,18,1,0.22,101,359
3212,1,21,1.29798,103.85126,0,145,1,3,0.14,116,364
7197,1,21,1.3009700000000002,103.84761999999999,0,273,1,1,1.0,1,365
5896,1,14,1.30734,103.7949,0,95,2,1,0.25,1,0
2777,1,14,1.28086,103.78741,0,75,14,1,0.05,14,364
6006,1,18,1.32455,103.83994,0,43,2,1,0.18,3,0
5329,1,1,1.34189,103.77433,1,98,4,10,1.07,18,89
2714,1,18,1.32633,103.84955,0,138,4,7,0.25,136,365
3193,3,24,1.40385,103.89949,0,68,1,61,2.76,1,0
1282,1,16,1.29718,103.87737,1,122,4,1,0.03,1,0
3460,1,16,1.31283,103.85834,0,60,18,1,0.11,132,329
85,1,13,1.28405,103.84424,3,50,1,93,1.22,5,330
4505,1,21,1.3000200000000002,103.84745,0,90,1,7,0.53,3,72
2047,1,21,1.30254,103.84874,0,63,2,168,4.71,4,263
111,1,7,1.29815,103.83895,1,140,6,108,1.41,58,357
2393,1,4,1.28325,103.82994000000001,1,150,6,1,0.03,1,0
2269,1,6,1.31318,103.87997,1,88,90,1,0.03,1,0
1785,1,11,1.30138,103.89884,0,80,2,4,0.1,1,0
3011,1,5,1.30636,103.83711,0,70,2,47,1.88,3,90
2564,4,23,1.37893,103.75599,0,43,14,7,0.23,2,54
2616,1,20,1.30375,103.83511,1,590,5,5,0.18,2,90
4928,1,5,1.3056,103.84766,0,50,3,2,0.17,1,0
6191,4,27,1.34554,103.77559000000001,0,77,1,3,0.58,2,89
6342,1,16,1.32789,103.86376,1,188,5,1,0.6,104,334
1280,1,6,1.31301,103.88579,0,60,2,49,1.04,2,0
787,4,33,1.34866,103.74683,0,88,1,27,0.52,3,40
232,1,6,1.31025,103.88325999999999,0,60,1,133,1.99,39,359
5085,1,18,1.32855,103.85038,1,215,90,1,0.17,2,338
2680,1,16,1.29951,103.88525,1,145,7,35,1.19,7,89
149,1,7,1.2964799999999999,103.83877,1,105,1,244,3.4,58,358
5721,1,7,1.29508,103.83998000000001,1,110,2,5,0.74,58,326
5590,1,16,1.3034700000000001,103.86325,1,150,90,1,0.53,352,321
5901,1,7,1.29615,103.83844,1,120,6,5,1.06,29,348
5343,4,9,1.33492,103.72354,1,50,1,2,0.19,2,0
5508,1,11,1.29967,103.90094,1,328,90,4,0.44,8,144
4366,4,9,1.3467799999999999,103.72162,0,50,2,2,0.22,1,364
3119,2,3,1.32287,103.91336,0,179,4,51,2.11,5,0
2173,1,10,1.29624,103.85391,1,130,7,13,0.81,41,359
882,3,8,1.3444399999999999,103.87119,0,60,5,2,0.04,1,0
1660,2,3,1.3167200000000001,103.91351999999999,0,98,3,3,0.41,20,365
6152,4,28,1.33217,103.73829,0,125,2,2,0.51,3,0
4051,4,28,1.33405,103.74332,1,135,30,2,0.28,352,0
5955,1,6,1.31255,103.87898,1,150,6,4,0.75,11,158
2986,1,10,1.29703,103.8559,3,64,1,10,0.4,9,357
1825,1,20,1.29874,103.83863000000001,1,120,7,23,0.61,17,179
6903,1,6,1.3101399999999999,103.87872,0,70,1,1,0.4,39,363
3791,1,6,1.31084,103.87664000000001,1,258,2,8,0.46,136,365
565,1,6,1.31245,103.87858,0,48,1,3,0.05,1,0
6026,1,13,1.28109,103.83975,1,251,3,4,0.91,9,17
2622,3,34,1.3912799999999999,103.90312,0,75,3,2,0.07,1,0
5454,1,13,1.2822,103.84455,3,75,1,19,2.23,11,352
2024,1,21,1.29911,103.84966,0,73,3,10,0.28,18,362
1720,1,16,1.3287200000000001,103.86627,3,208,14,2,0.11,95,326
1943,1,20,1.30411,103.83707,3,373,1,24,0.72,8,179
6520,1,10,1.27882,103.84711,1,400,100,1,0.3,3,22
237,1,16,1.31503,103.85116,0,70,90,5,0.08,3,353
888,1,6,1.31103,103.88215,1,110,2,144,2.74,17,320
3101,1,16,1.31523,103.85788000000001,0,95,2,52,2.13,14,33
2377,1,19,1.2892700000000001,103.84239000000001,1,440,6,17,0.55,21,323
2071,1,20,1.29898,103.83899,0,85,6,54,1.5,35,358
5101,1,18,1.3273700000000002,103.85024,1,178,28,4,0.45,149,339
731,1,10,1.2802799999999999,103.85331,1,228,30,10,0.18,9,361
4192,1,10,1.2736299999999998,103.84505,1,161,30,1,0.07,352,311
988,1,19,1.2886799999999998,103.84704,1,256,5,31,0.61,1,0
4703,1,16,1.3219100000000001,103.86395999999999,1,288,7,2,0.17,103,180
4179,1,16,1.3100100000000001,103.86247,0,43,18,1,0.13,132,365
3802,1,10,1.2747600000000001,103.84362,1,161,30,2,0.13,352,354
3964,1,10,1.27459,103.84456999999999,1,310,14,2,0.22,352,0
3326,1,14,1.29187,103.80718,1,285,3,1,0.11,112,364
689,1,5,1.3048799999999998,103.84002,1,135,90,91,1.73,6,176
6616,1,11,1.30589,103.9013,1,198,3,1,0.33,39,318
2378,1,13,1.28521,103.84447,1,380,2,121,3.71,5,322
2414,3,34,1.392,103.88174000000001,1,90,90,1,0.04,1,310
1322,3,17,1.37058,103.89860999999999,0,75,1,11,0.24,1,88
5701,1,6,1.3197299999999998,103.88071,0,80,2,4,0.55,1,0
1828,1,7,1.29587,103.84040999999999,1,100,7,40,1.04,27,89
4739,1,7,1.2967,103.83663,0,659,2,2,0.3,4,331
2068,1,6,1.31282,103.88098000000001,0,90,2,67,1.86,15,52
799,2,3,1.3110600000000001,103.93683,0,67,3,94,1.79,1,364
4935,1,13,1.28504,103.84163000000001,0,68,90,14,1.2,7,365
729,2,35,1.3811799999999999,103.96262,0,34,180,1,0.02,3,364
2621,3,30,1.38826,103.83836,0,56,1,19,0.67,1,143
853,2,2,1.3471799999999998,103.92758,0,50,30,7,0.14,1,153
4549,1,13,1.28005,103.83986,1,152,3,29,4.08,10,326
1775,1,11,1.30958,103.90295,1,145,2,112,3.03,13,136
4286,1,21,1.30306,103.84806,0,88,7,1,0.07,10,24
2775,1,6,1.31267,103.88188000000001,0,100,2,31,1.1,10,180
4644,1,4,1.28404,103.83408,0,57,18,2,0.22,101,360
3251,1,6,1.31021,103.88266999999999,0,60,1,37,1.58,39,360
3342,1,18,1.32539,103.84523,1,145,21,1,0.16,95,365
2136,1,7,1.29714,103.83832,1,138,2,57,1.71,5,341
3153,0,0,1.44001,103.8009,0,50,7,8,0.39,1,365
6119,1,7,1.29881,103.83471,0,261,2,2,0.48,3,356
3747,2,3,1.3242,103.91297,0,56,90,1,0.11,1,358
229,1,16,1.32712,103.86468,1,130,3,40,0.61,1,365
4479,1,21,1.3000200000000002,103.84824,0,68,1,68,5.07,3,218
1255,1,29,1.3544200000000002,103.83176,0,60,1,9,0.44,9,365
5644,1,6,1.3147,103.88163,0,38,18,1,0.2,101,360
207,1,6,1.31633,103.88539,1,95,90,56,0.84,25,41
6769,1,7,1.29945,103.83711,1,198,2,2,0.77,1,115
1227,1,12,1.33996,103.84445,1,56,1,3,0.06,1,0
2691,2,2,1.33894,103.95879000000001,0,40,1,3,0.1,1,0
3973,1,18,1.32362,103.85361,1,171,20,3,0.19,149,365
1185,1,13,1.28293,103.84522,0,50,3,2,0.04,1,0
2221,4,9,1.3482299999999998,103.71643,0,56,3,35,1.05,1,364
3766,1,6,1.3148799999999998,103.88588,0,83,2,71,3.88,24,213
4898,4,27,1.3712600000000001,103.76567,0,83,1,7,0.61,2,0
5312,1,21,1.30302,103.85925999999999,0,66,1,5,0.6,4,364
4529,1,21,1.30152,103.86155,1,137,90,1,0.3,352,324
5542,1,16,1.31294,103.85934,0,70,18,2,0.25,132,329
6221,1,22,1.29877,103.84333000000001,0,78,10,6,1.16,4,81
6372,1,21,1.31047,103.85372,1,188,29,6,1.73,41,329
3476,1,13,1.2818,103.84625,3,300,3,2,0.1,23,46
645,1,6,1.31447,103.88143000000001,1,159,30,2,0.04,13,0
6531,1,7,1.29351,103.84141,1,150,6,1,0.59,52,365
3939,1,16,1.31418,103.85989000000001,0,21,2,33,2.13,3,176
5611,1,6,1.3133,103.88880999999999,1,159,1,13,1.74,17,85
37,1,13,1.2841,103.84253000000001,0,46,90,2,0.02,132,364
152,0,25,1.43677,103.8251,0,60,30,1,0.02,1,346
4323,1,6,1.3099100000000001,103.87819,1,138,3,4,0.3,41,350
3331,1,16,1.3223,103.86384,3,268,80,1,0.05,95,358
438,3,30,1.37022,103.8289,0,38,29,1,0.03,4,364
1793,1,6,1.31241,103.88184,1,150,3,145,3.64,17,236
3762,1,6,1.31425,103.88727,0,93,2,73,3.9,24,234
6615,1,6,1.31188,103.87801,0,70,1,2,1.09,39,349
2611,1,19,1.28819,103.84895999999999,3,130,1,36,1.31,5,364
2244,1,10,1.28054,103.85406,1,208,14,2,0.07,6,362
3227,1,16,1.30871,103.86085,0,38,18,1,0.06,132,361
2291,1,10,1.2814,103.85193000000001,1,409,14,4,0.12,6,362
5455,1,13,1.28179,103.84527,0,70,1,113,12.65,11,350
6739,2,3,1.33838,103.92671999999999,0,95,1,1,0.34,1,0
4347,3,34,1.38035,103.89479,0,47,1,1,0.06,1,0
3943,1,6,1.31456,103.88629,0,83,2,45,2.48,24,201
442,1,6,1.31097,103.8826,0,90,1,146,2.44,39,352
6263,3,30,1.3653600000000001,103.84805,0,60,1,5,1.03,2,0
3278,1,10,1.27531,103.84409000000001,1,165,21,6,0.29,352,0
2633,1,21,1.30869,103.85606999999999,0,130,2,44,1.5,14,0
2740,1,6,1.31441,103.88663000000001,1,66,45,16,0.57,27,26
6370,1,10,1.29721,103.8566,0,68,5,11,2.43,5,137
5594,1,13,1.28169,103.84573,1,152,3,1,0.22,10,86
4358,1,15,1.29332,103.82409,0,70,2,4,0.45,1,6
3981,1,13,1.28198,103.84666999999999,1,140,1,10,0.56,13,0
6338,1,10,1.27514,103.845,1,349,2,5,1.26,25,150
4415,1,16,1.29966,103.88497,1,147,7,21,1.44,15,350
5406,1,18,1.32895,103.84278,1,367,5,13,1.35,11,52
847,1,13,1.28471,103.8436,0,58,3,188,3.52,7,361
1340,2,35,1.37389,103.94665,0,50,2,55,1.55,1,360
5888,3,30,1.38545,103.84148,0,53,1,2,0.42,2,365
4478,0,0,1.44218,103.80508,0,30,1,2,0.14,1,0
3304,1,13,1.28417,103.84224,0,66,90,1,0.05,101,362
5364,1,10,1.27726,103.84503000000001,1,350,100,16,2.15,3,22
672,1,7,1.2976299999999998,103.83921,1,140,180,12,0.22,1,358
3907,1,1,1.31269,103.79584,3,40,7,2,0.12,9,180
404,4,27,1.3663399999999999,103.76963,0,110,2,33,0.54,1,0
4437,1,22,1.29661,103.84352,1,172,14,10,0.78,11,104
6771,1,18,1.3242200000000002,103.85341,1,140,3,3,1.08,40,350
500,1,15,1.2943200000000001,103.82611999999999,1,151,3,18,0.36,1,365
2837,2,3,1.31348,103.92636,0,152,2,77,2.76,3,284
1526,1,7,1.29577,103.83939000000001,1,140,6,51,1.19,35,357
147,1,6,1.31531,103.88561,1,93,90,50,0.69,25,0
669,0,25,1.44161,103.82377,0,64,5,6,0.11,12,364
3557,0,32,1.41545,103.8436,0,48,1,31,2.41,2,34
1458,1,13,1.2841,103.84253000000001,0,50,90,2,0.08,132,363
1339,1,16,1.31352,103.85505,0,51,90,24,0.52,12,207
1730,1,16,1.3117,103.86028,0,56,1,60,1.5,20,329
4818,1,16,1.3129899999999999,103.85334,1,138,3,1,0.11,149,0
3498,1,16,1.31115,103.85851,0,57,18,2,0.09,132,329
5599,1,4,1.28575,103.83442,1,112,30,26,3.94,10,260
5169,4,26,1.30741,103.76179,0,60,60,1,0.12,8,173
4831,1,16,1.3168600000000001,103.85833000000001,1,108,3,7,0.56,104,343
5196,1,4,1.2853700000000001,103.83328,3,28,1,4,0.39,8,330
3314,1,6,1.32198,103.90443,0,130,90,52,2.37,1,365
4981,1,21,1.30218,103.8482,1,258,5,7,0.59,104,365
375,1,16,1.32028,103.86225,0,46,7,6,0.1,1,320
2260,2,3,1.32589,103.90699000000001,1,125,5,3,0.09,1,90
473,3,8,1.34604,103.87111,0,70,1,75,1.27,3,343
3149,1,16,1.31437,103.85641,1,150,90,4,0.17,23,82
3435,3,8,1.3454700000000002,103.87799,1,228,92,42,2.23,1,83
1190,3,17,1.35065,103.88084,0,28,30,2,0.04,2,365
33,1,11,1.30416,103.90075999999999,0,165,2,69,0.77,5,138
923,1,16,1.31079,103.86171,3,38,1,34,0.65,15,353
6645,1,18,1.32274,103.8551,1,138,3,2,2.0,29,352
2178,1,7,1.29636,103.83955999999999,1,145,90,15,0.72,41,330
4050,1,16,1.31113,103.86041,0,43,18,1,0.08,79,361
899,1,10,1.27532,103.84510999999999,1,179,4,1,0.02,1,0
4037,1,10,1.27549,103.84515,1,145,90,1,0.07,352,355
4295,4,28,1.3353899999999999,103.74386,1,134,60,1,0.1,352,356
1699,1,13,1.28452,103.84156,0,88,3,68,1.68,7,364
4054,1,29,1.35323,103.85242,1,322,30,4,0.27,352,344
5141,1,19,1.28851,103.84763000000001,2,31,1,1,0.09,9,364
3833,1,13,1.28265,103.84602,1,140,1,13,0.72,13,0
1012,0,25,1.44466,103.82299,0,70,7,1,0.03,5,364
3957,1,15,1.29453,103.82983,0,56,1,61,3.64,6,74
6088,1,12,1.33149,103.8687,1,148,28,1,0.19,40,365
172,2,2,1.34948,103.96321,0,80,90,10,0.14,1,362
3568,2,35,1.3703299999999998,103.94525,0,40,180,11,0.53,1,0
6226,1,18,1.32595,103.85105,1,165,30,1,0.3,1,180
724,1,13,1.28285,103.8445,3,28,1,38,0.71,10,363
6280,1,16,1.31618,103.85171,0,80,1,1,0.37,1,0
4019,1,10,1.2747899999999999,103.84384,1,147,90,5,0.31,352,350
3036,1,21,1.30807,103.85136,3,50,1,4,0.26,116,364
2990,1,10,1.2989,103.8566,3,98,1,7,0.27,9,340
4468,1,21,1.30186,103.84834000000001,0,70,1,24,1.93,3,218
1395,2,3,1.3260100000000001,103.95378000000001,0,60,90,3,0.07,1,358
2996,1,6,1.31389,103.88428,1,130,30,1,0.04,12,87
3192,1,18,1.3201399999999999,103.85186999999999,0,40,30,5,0.62,8,360
2730,2,3,1.32142,103.91484,0,130,3,4,0.14,20,90
2102,3,17,1.35113,103.8797,1,112,2,124,3.49,1,226
12,1,5,1.31125,103.83816,0,63,2,133,1.32,7,365
5269,1,6,1.31174,103.87885,1,300,5,40,3.88,13,22
6711,1,21,1.30429,103.85452,0,120,1,58,24.17,9,351
18,1,5,1.3115,103.83759,0,60,2,92,1.15,7,365
3750,2,3,1.31985,103.91288,3,100,6,5,0.34,116,268
1361,1,29,1.3530000000000002,103.83496,0,100,1,23,0.68,2,0
505,1,6,1.3144,103.88671,1,85,90,87,1.49,25,79
6879,1,13,1.28124,103.84116999999999,0,340,1,1,0.39,4,272
2779,1,6,1.31256,103.88705,1,261,2,35,1.24,5,255
5610,1,6,1.3153,103.88853,1,169,30,54,6.61,1,170
1037,4,9,1.35175,103.69615999999999,0,50,3,8,0.16,1,0
4235,1,7,1.2972700000000001,103.83889,0,83,6,14,0.89,37,360
946,1,16,1.3277,103.86511,1,258,10,18,0.36,136,365
6143,1,11,1.3046200000000001,103.90918,0,60,1,2,0.41,1,88
524,1,16,1.3179100000000001,103.85083,1,130,4,14,0.24,1,0
77,1,13,1.2841,103.84253000000001,0,67,90,3,0.12,132,363
5357,1,21,1.30369,103.85004,0,56,2,36,3.83,1,349
3200,1,21,1.29961,103.84975,1,300,7,2,0.08,136,331
4901,4,9,1.33735,103.70476,0,40,30,4,0.43,6,365
130,1,16,1.3117,103.86028,0,303,1,56,0.8,20,329
3169,1,13,1.28271,103.84606,3,50,1,7,0.33,10,365
6874,1,10,1.28548,103.84997,0,347,1,3,1.2,12,144
6049,0,32,1.4162,103.84385,0,34,90,1,0.18,1,180
1776,1,7,1.2961200000000002,103.83771,1,130,90,13,0.33,1,206
5378,1,19,1.28962,103.84836,1,356,1,6,0.59,1,90
1733,1,16,1.3128600000000001,103.86851999999999,0,130,2,47,1.35,1,144
1248,1,16,1.3046200000000001,103.86182,0,70,1,24,0.5,1,0
5692,1,10,1.30154,103.85719,1,150,1,30,4.21,1,90
2368,1,16,1.31571,103.85445,1,118,3,18,0.56,136,356
6607,1,7,1.29549,103.8392,0,95,2,2,0.7,29,158
6662,1,10,1.29701,103.85600000000001,0,78,3,6,1.71,5,147
5327,1,16,1.31667,103.85783,0,24,2,3,0.32,1,0
6564,1,21,1.30329,103.85094000000001,1,380,1,1,0.31,21,365
4540,1,13,1.28342,103.84403,1,150,90,2,0.6,41,335
1132,1,29,1.36142,103.84272,0,46,3,2,0.04,1,0
4246,1,6,1.31205,103.88132,0,90,1,20,1.25,39,360
4069,1,6,1.31159,103.87765999999999,1,268,2,1,0.07,53,0
6038,1,18,1.3193,103.84671,1,219,2,2,0.37,10,360
6163,1,37,1.2564,103.82056,0,356,1,9,1.67,14,361
3450,1,6,1.3113,103.87765,1,178,3,50,2.35,104,355
4882,1,16,1.31641,103.85722,3,110,3,1,0.09,149,360
1909,4,23,1.38341,103.74395,0,50,2,24,0.63,1,85
5034,1,21,1.30918,103.85426,1,380,1,2,0.2,21,365
2272,4,23,1.37745,103.74565,0,50,2,16,0.47,1,269
374,1,6,1.31304,103.87993,1,1601,90,8,0.13,1,346
4681,1,20,1.3035700000000001,103.83345,1,450,2,9,0.88,1,179
4223,1,7,1.29511,103.83917,1,189,6,27,1.67,35,229
6207,1,16,1.31,103.86223000000001,0,48,18,1,0.86,101,361
4809,1,13,1.28179,103.84328000000001,3,219,1,5,0.4,9,348
618,1,16,1.3085200000000001,103.86173000000001,0,40,18,2,0.04,101,361
930,3,8,1.35534,103.86679000000001,0,130,1,6,0.2,14,327
2483,1,1,1.33463,103.80969,0,46,4,92,2.94,1,3
1523,1,16,1.30931,103.86334000000001,0,50,18,1,0.06,79,360
3648,1,6,1.3106799999999998,103.88576,1,159,10,3,0.2,136,365
3780,1,18,1.3261399999999999,103.84958,1,168,20,1,0.11,104,365
5654,1,16,1.31083,103.86108,0,58,18,1,0.14,101,360
4234,1,7,1.2956,103.83779,0,88,6,10,0.62,37,357
5119,1,6,1.31128,103.88599,1,238,3,1,0.2,103,365
212,1,1,1.31995,103.79426,1,159,5,8,0.17,1,83
1902,1,13,1.28294,103.8436,0,100,90,1,0.03,79,360
1945,1,20,1.30411,103.83707,3,373,1,21,0.57,8,180
1753,4,9,1.3392700000000002,103.70404,0,90,3,8,0.22,3,364
2768,1,21,1.30274,103.84934,0,60,2,132,4.56,1,339
1162,1,16,1.31005,103.85829,2,28,1,4,0.09,17,356
1762,1,20,1.30529,103.83341999999999,0,90,1,7,0.18,11,362
1757,1,18,1.32292,103.85237,1,245,14,3,0.19,95,365
3615,1,6,1.30985,103.87671,1,178,3,8,0.42,104,365
5154,1,21,1.30161,103.85297,0,70,30,2,0.27,8,334
2026,1,5,1.30968,103.84143,0,60,2,134,3.63,2,209
2662,1,6,1.3147,103.88163,0,34,18,2,0.2,79,360
2625,1,6,1.31531,103.88642,1,70,28,15,0.53,27,78
869,1,4,1.2833700000000001,103.82942,1,150,3,2,0.04,1,0
2865,1,10,1.27905,103.85044,1,199,1,61,2.22,1,240
3425,1,16,1.31596,103.85306,1,130,10,4,0.19,104,356
1557,1,7,1.29731,103.83798,0,88,6,42,1.01,35,360
1087,1,7,1.29502,103.83949,0,90,6,44,0.88,35,360
6548,1,16,1.31206,103.86018,1,141,12,1,0.51,52,365
3259,4,9,1.3463100000000001,103.72518000000001,0,50,1,1,0.04,1,362
3637,1,16,1.3138,103.85412,1,199,25,5,0.27,104,365
4570,1,4,1.28461,103.83402,0,57,18,2,0.14,79,336
6199,1,4,1.2884799999999998,103.82715,1,300,2,3,0.99,6,175
4227,1,7,1.29662,103.8386,0,83,6,23,1.48,29,355
3293,3,8,1.38125,103.86759,0,63,2,103,4.42,4,1
2029,1,21,1.30938,103.85375,1,117,3,53,1.45,1,356
1937,1,16,1.31254,103.85318000000001,0,57,2,102,2.72,13,262
3216,1,22,1.29635,103.85161,3,130,2,47,2.4,116,353
5885,1,4,1.27217,103.8334,1,125,3,2,1.18,52,35
1973,1,7,1.29654,103.83764000000001,1,175,6,66,1.81,35,322
6148,1,10,1.28019,103.85945,0,553,1,2,0.48,14,363
4732,1,14,1.2920399999999999,103.77178,0,48,3,2,0.42,1,1
5504,1,13,1.28219,103.84503000000001,1,179,1,9,1.21,7,85
6846,1,37,1.25735,103.81945,0,251,1,1,1.0,9,267
1381,4,26,1.2932,103.76834000000001,0,70,1,1,0.02,1,0
1872,1,13,1.28301,103.84153,1,110,90,8,0.24,41,39
4301,1,16,1.32277,103.86939,0,58,2,9,0.58,2,180
1759,1,5,1.30485,103.8344,0,75,1,11,0.28,11,361
4551,1,4,1.28546,103.83459,1,150,18,1,0.07,132,329
4321,1,4,1.2893,103.83089,1,450,1,1,0.25,111,364
6667,1,21,1.30172,103.85914,2,46,1,2,0.69,8,356
1750,1,16,1.30965,103.86129,0,36,18,1,0.06,101,361
2511,1,21,1.29806,103.85257,1,199,7,19,0.7,20,58
1462,1,13,1.2837,103.84561,2,84,1,7,0.16,7,365
6490,1,6,1.31481,103.88598,0,41,2,1,0.36,1,0
316,0,31,1.35332,103.82851,0,48,3,98,1.56,3,0
179,1,7,1.2978299999999998,103.83936,1,138,1,205,2.91,58,343
6147,1,6,1.31323,103.8791,1,177,1,14,3.89,5,172
5771,1,10,1.27388,103.84664000000001,1,350,3,8,1.14,6,361
631,2,3,1.31724,103.91256,0,130,3,8,0.15,23,356
1536,1,16,1.3087600000000001,103.8627,0,54,18,1,0.04,132,361
5333,1,1,1.34054,103.77416,1,98,4,12,1.22,18,86
5292,1,6,1.31035,103.87753000000001,1,360,5,38,3.74,13,86
3478,1,15,1.3166200000000001,103.82799999999999,1,179,30,9,0.46,23,86
580,4,9,1.34036,103.68779,0,56,2,13,0.23,1,364
6842,4,27,1.37461,103.77211,0,66,1,1,0.68,1,317
4042,1,13,1.2851700000000001,103.84305,0,66,90,1,0.06,79,363
6200,1,7,1.29608,103.83863000000001,1,400,7,20,4.03,1,128
5587,1,10,1.2732,103.84483,0,80,90,1,0.13,16,238
2413,1,10,1.27481,103.84522,1,147,5,17,0.53,352,0
4261,4,23,1.39189,103.75281,0,56,1,21,1.36,2,55
1044,1,7,1.29914,103.84009,1,290,1,1,0.02,1,0
5073,1,15,1.3159100000000001,103.8264,1,179,7,11,1.07,20,362
5415,0,0,1.43079,103.7805,2,20,2,2,0.45,8,155
3733,1,13,1.28625,103.84409000000001,1,520,5,82,4.37,5,216
1310,1,7,1.29629,103.83707,1,105,4,2,0.04,1,0
2447,1,16,1.3113700000000001,103.85621,1,115,1,3,0.09,1,0
282,1,21,1.3017299999999998,103.84917,0,47,12,1,0.02,6,364
164,1,16,1.3108600000000001,103.85883000000001,2,37,1,18,0.25,3,0
2703,1,16,1.29951,103.88525,1,152,7,40,1.42,15,170
5539,4,9,1.34274,103.7168,0,60,2,4,0.46,1,0
7073,1,29,1.36053,103.84415,0,50,1,1,1.0,2,176
1896,1,16,1.30892,103.86227,0,38,18,1,0.03,79,361
4049,1,10,1.27506,103.84385,1,192,90,1,0.09,352,355
4664,1,16,1.32429,103.86561,1,241,5,40,3.05,14,84
4828,1,16,1.31646,103.85682,1,168,3,2,0.24,104,335
451,1,1,1.34507,103.76804,0,77,90,2,0.03,1,365
4138,1,13,1.2842,103.84255,0,75,90,1,0.12,79,363
737,4,23,1.38153,103.75944,1,174,2,21,0.44,3,0
2697,1,16,1.29951,103.88525,1,150,7,29,1.02,15,179
4667,1,16,1.32276,103.86404,1,281,5,50,3.75,14,109
3041,2,3,1.3094700000000001,103.91101,0,110,1,10,0.4,116,364
6327,1,10,1.2805,103.84958,1,219,2,7,1.51,1,0
812,1,16,1.3152,103.85925999999999,3,120,1,44,0.83,11,258
4368,1,4,1.2667,103.81127,1,357,3,40,2.68,4,104
3308,3,8,1.38351,103.86913,0,46,2,86,3.71,4,0
1634,1,5,1.31093,103.83939000000001,0,57,90,29,0.71,7,365
1538,2,35,1.36955,103.97105,0,38,90,4,0.1,1,83
5741,1,7,1.29617,103.83834,1,140,26,1,0.37,5,344
4003,1,12,1.33342,103.84335,0,50,2,5,0.29,3,0
1279,1,13,1.28379,103.84399,3,30,1,17,0.36,13,356
5505,1,13,1.28321,103.8443,3,38,1,2,0.22,9,0
3382,1,6,1.30916,103.87812,1,248,2,2,0.09,136,319
3201,1,16,1.3202200000000002,103.86296,1,288,7,4,0.17,136,2
2587,1,14,1.2927,103.76963,0,30,2,45,1.55,8,94
4162,1,21,1.3013700000000001,103.85064,1,328,10,2,0.46,149,285
913,1,13,1.28464,103.84629,1,459,3,117,2.22,1,165
209,1,16,1.31179,103.86001999999999,0,56,1,205,4.92,20,329
4015,1,10,1.27475,103.84374,1,147,30,1,0.09,352,0
4589,1,22,1.29437,103.84241,1,178,5,3,0.29,149,12
2059,1,16,1.3272,103.86576,1,130,3,1,0.03,1,0
3599,1,16,1.31608,103.85416,1,130,25,2,0.17,104,365
2839,4,33,1.34162,103.76086,0,128,2,10,0.39,1,365
4041,4,28,1.33396,103.74166,1,261,60,1,0.07,352,344
1817,1,19,1.28655,103.84833,3,28,1,5,0.13,44,329
2343,1,4,1.2878399999999999,103.82714,0,100,90,7,0.21,2,363
271,1,15,1.3165799999999999,103.82714,1,320,7,24,0.37,20,296
198,4,27,1.3471,103.77532,1,165,12,59,0.87,1,198
1999,1,19,1.29492,103.83265,0,90,2,1,0.2,2,0
1240,1,6,1.31867,103.89315,1,209,1,5,0.11,1,364
1392,1,19,1.29009,103.84166,0,66,7,5,0.11,1,24
4987,1,6,1.31342,103.88682,1,347,3,2,0.19,103,365
3299,1,6,1.31233,103.88485,0,120,30,2,0.14,12,87
5793,1,6,1.3130899999999999,103.87733,1,261,14,2,0.28,149,365
6251,1,16,1.32247,103.86206999999999,0,40,1,1,0.2,1,175
5479,1,6,1.30964,103.88176,0,70,1,13,1.43,39,360
2715,1,16,1.3083799999999999,103.86093000000001,0,36,18,1,0.2,101,361
2431,0,25,1.44174,103.82387,0,47,7,1,0.04,4,365
1307,1,13,1.2841,103.84253000000001,0,36,90,5,0.11,132,360
6927,1,6,1.31043,103.87679,0,70,1,1,0.43,39,362
5729,1,21,1.3024200000000001,103.84617,1,130,15,4,0.55,149,361
886,1,12,1.3384,103.86546,0,70,3,1,0.02,1,0
6294,1,6,1.31138,103.87971,1,268,3,6,1.29,39,329
1338,2,35,1.35514,103.9671,1,112,90,5,0.13,1,220
6609,1,7,1.29488,103.84071,1,138,2,8,2.7,58,350
107,1,18,1.32359,103.85063000000001,0,360,30,2,0.03,3,173
5613,1,18,1.3255299999999999,103.8538,1,140,3,2,0.26,40,290
809,1,21,1.29931,103.85063000000001,0,100,3,5,0.09,1,0
90,1,5,1.30626,103.83994,0,85,3,13,0.36,18,334
2153,1,10,1.28092,103.84504,2,36,1,1,0.04,19,329
6724,1,16,1.31023,103.86196,0,48,18,1,0.83,59,361
4834,1,16,1.31691,103.85846,1,108,3,23,1.9,104,345
2362,1,4,1.2841200000000002,103.82785,0,68,1,3,0.09,1,135
1565,1,7,1.29554,103.83903000000001,0,88,6,53,1.28,37,360
5857,1,6,1.31145,103.87997,1,231,7,1,0.17,95,0
30,2,3,1.30792,103.92286999999999,1,214,7,117,1.37,1,88
1859,1,7,1.2964,103.8371,1,137,2,45,1.19,29,350
6948,1,21,1.3062,103.85433,0,80,1,4,2.35,9,128
421,1,14,1.2927,103.7685,2,26,5,2,0.04,9,0
1571,1,6,1.31239,103.88401,0,50,2,10,0.24,6,0
2737,1,7,1.29734,103.83994,0,85,2,70,2.41,29,347
4310,1,1,1.31125,103.79494,3,36,7,2,0.15,9,365
1795,1,18,1.32295,103.84861,1,110,2,21,0.59,1,0
3417,2,3,1.3277,103.94559,1,115,3,62,2.79,3,113
2028,1,18,1.31274,103.8424,0,74,3,109,3.0,1,0
2364,1,16,1.32026,103.86456,1,90,1,7,0.23,1,0
871,1,6,1.3134,103.87929,1,241,2,185,3.49,2,352
2135,1,16,1.31726,103.85278000000001,1,78,2,68,1.97,6,19
3827,1,6,1.3110600000000001,103.87764,1,261,7,1,0.08,149,341
5767,1,6,1.31254,103.88677,1,238,3,2,0.28,136,180
5099,1,20,1.30073,103.84307,1,350,6,1,0.32,23,360
1442,1,16,1.31427,103.85273000000001,0,110,1,40,1.26,9,338
3706,1,16,1.3091,103.86216999999999,0,46,18,1,0.06,132,361
1841,3,8,1.38583,103.87216,0,75,2,25,0.65,2,208
6691,1,16,1.31047,103.8614,0,48,18,1,0.71,132,361
34,3,8,1.35001,103.87161,0,44,1,36,0.4,1,0
5077,1,6,1.31421,103.88193000000001,0,58,18,2,0.31,132,332
4487,1,21,1.3015299999999999,103.86135,1,209,90,1,0.13,352,351
3714,1,16,1.30966,103.86143,0,41,18,1,0.06,101,365
1468,1,1,1.34514,103.77074,0,66,2,18,0.44,1,363
2756,0,25,1.4483,103.81893000000001,0,40,2,27,0.93,1,0
1581,1,6,1.31476,103.88913000000001,0,64,1,15,0.36,6,0
1345,4,38,1.4062,103.66547,1,60,180,2,0.04,1,364
481,4,23,1.38056,103.75988000000001,1,239,2,9,0.16,3,0
1485,1,16,1.3082200000000002,103.86322,0,46,18,1,0.02,101,365
1769,1,16,1.31384,103.85765,0,60,2,1,0.03,1,0
5700,3,8,1.37437,103.87191999999999,0,50,5,14,1.81,3,90
3692,1,13,1.2814,103.83933,1,259,3,99,5.04,1,205
2627,1,6,1.3146200000000001,103.88494,1,110,2,66,2.28,1,90
2957,1,19,1.28872,103.84846999999999,3,135,7,21,1.01,41,331
7181,1,6,1.3155700000000001,103.88254,0,48,18,1,1.0,59,360
4938,1,21,1.30885,103.85491,0,48,2,3,0.25,1,0
220,1,15,1.31566,103.82666,1,118,7,57,0.85,20,0
4231,1,16,1.3104799999999999,103.86254,0,46,18,1,0.17,132,365
5404,1,21,1.30385,103.84915,2,130,1,2,0.41,14,325
517,1,21,1.30331,103.84848000000001,0,75,5,3,0.05,1,0
1641,1,6,1.31728,103.88995,0,57,2,5,0.13,6,0
6179,1,10,1.27899,103.84756999999999,1,154,30,1,0.59,352,349
3688,4,33,1.34944,103.75541,0,63,2,3,0.16,3,350
4515,1,6,1.31301,103.89981999999999,1,598,3,33,2.39,11,0
6768,1,10,1.29914,103.85700000000001,0,135,5,1,0.45,1,268
2224,1,18,1.3139299999999998,103.84124,0,100,1,3,0.09,1,0
3873,1,13,1.2846600000000001,103.84304,0,140,2,1,0.33,8,171
1453,1,6,1.31497,103.8829,0,64,2,28,0.63,2,112
5509,1,4,1.26596,103.81029000000001,1,299,1,2,0.23,3,0
2316,1,18,1.32291,103.85248,1,128,3,25,0.77,15,88
4671,1,16,1.32257,103.86478000000001,1,360,5,48,3.62,14,148
5409,1,6,1.30984,103.87609,1,199,3,2,0.21,136,363
4422,1,29,1.34673,103.8538,1,154,90,2,0.17,352,116
6572,1,11,1.30426,103.9018,1,100,90,1,0.43,136,358
4660,1,4,1.28405,103.83417,0,57,18,3,0.81,59,360
1032,1,15,1.29558,103.82665,1,142,3,2,0.04,1,0
6468,1,16,1.3157299999999998,103.85571999999999,1,320,2,3,1.03,8,351
569,1,4,1.26714,103.81071,1,450,2,123,2.2,9,356
3196,1,4,1.2831,103.83596,1,85,2,106,4.62,1,272
851,4,9,1.3426799999999999,103.69931,0,43,1,1,0.02,1,0
6647,1,6,1.3116700000000001,103.87608,0,70,1,1,0.59,39,349
4871,1,10,1.27498,103.84411,1,206,30,1,0.58,352,345
4615,1,11,1.29844,103.88645,0,68,10,7,0.92,1,171
6203,1,18,1.3241399999999999,103.85374,1,215,7,3,0.63,40,365
2902,1,21,1.29996,103.85051999999999,0,41,5,2,0.07,2,0
3364,1,13,1.28526,103.84173,0,66,90,2,0.1,132,360
1265,1,16,1.32216,103.86499,0,50,1,3,0.06,2,365
2457,1,19,1.28714,103.84770999999999,3,28,1,4,0.15,44,346
3501,1,19,1.28816,103.8461,2,118,2,4,0.19,5,175
5588,1,16,1.3119999999999998,103.85628,1,103,30,1,0.28,352,353
5387,0,0,1.4310399999999999,103.7789,0,26,2,16,1.66,8,214
1461,1,16,1.3101,103.86291,0,50,18,3,0.07,132,360
3987,1,16,1.30815,103.86075,0,46,18,1,0.06,79,360
3183,1,13,1.28398,103.84300999999999,0,57,90,1,0.07,101,347
6051,1,4,1.27496,103.84017,1,268,6,1,0.27,6,363
4952,1,15,1.29649,103.82718,0,198,7,1,0.1,3,365
58,1,11,1.31,103.90321,0,137,6,10,0.12,2,0
4058,1,21,1.3048899999999999,103.8554,0,68,2,57,3.39,3,180
4152,1,6,1.3147,103.88163,0,36,18,1,0.14,59,323
2271,1,16,1.31174,103.86025,0,253,1,2,0.06,20,329
835,0,36,1.42571,103.82591,0,40,30,23,0.44,2,356
170,1,19,1.28845,103.84355,0,90,10,2,0.13,1,364
1260,1,6,1.31742,103.89142,0,75,2,1,0.02,1,0
4568,1,21,1.30175,103.86128000000001,1,147,7,2,0.15,352,0
3687,1,16,1.31386,103.85365999999999,0,58,2,38,2.13,13,164
1177,3,34,1.38068,103.89771999999999,0,36,90,3,0.06,2,0
2434,1,11,1.3091700000000002,103.8943,0,66,90,1,0.03,1,90
1403,1,4,1.27464,103.83395,0,100,2,14,0.33,10,365
3864,1,16,1.30956,103.87175,3,21,1,1,0.09,116,360
2245,3,17,1.37675,103.87819,1,251,6,4,0.16,23,360
1051,1,7,1.29629,103.83816,0,145,1,121,2.46,58,355
3870,1,7,1.29701,103.83823000000001,1,118,6,24,1.37,58,343
2664,1,20,1.3017299999999998,103.84024000000001,0,85,4,5,0.27,18,362
4989,1,21,1.29946,103.8514,1,208,6,1,0.11,103,365
349,1,4,1.27493,103.84029,1,199,6,7,0.14,6,364
1058,1,20,1.30419,103.83426,0,151,1,6,0.18,8,364
4567,4,28,1.33555,103.74417,1,140,10,1,0.11,352,0
4381,1,13,1.28168,103.84646,3,241,1,20,1.43,5,299
668,1,1,1.31855,103.77496,0,150,1,5,0.09,1,0
3087,2,3,1.32384,103.91481,0,159,4,68,2.72,5,0
188,1,13,1.28262,103.84487,3,30,1,18,0.26,13,356
6222,1,22,1.29745,103.84305,0,68,10,9,1.74,4,90
4848,1,7,1.2959399999999999,103.84159,1,162,6,5,0.62,4,363
4414,1,16,1.30267,103.86264,1,105,90,1,0.25,352,328
4263,1,12,1.32968,103.86851999999999,1,130,30,2,0.22,352,201
4405,1,10,1.28147,103.85389,1,328,2,8,0.56,3,131
898,2,2,1.34142,103.95665,0,77,7,5,0.13,1,0
3826,1,6,1.31043,103.8766,1,278,3,2,0.14,149,365
6212,1,16,1.31227,103.85786,0,58,18,2,0.38,79,361
2270,1,16,1.31174,103.86025,0,303,1,4,0.15,20,329
6296,1,21,1.3095700000000001,103.85356,0,24,2,7,1.64,3,34
2451,1,19,1.2877,103.8462,3,31,1,2,0.07,44,362
6034,1,18,1.3178299999999998,103.84845,1,158,3,2,0.34,10,245
187,1,13,1.28424,103.84275,0,60,90,2,0.18,132,362
2669,1,14,1.3053,103.78319,1,168,30,8,0.28,352,327
2852,4,23,1.4015799999999998,103.74491,0,83,2,17,0.63,3,180
1946,1,5,1.30528,103.84704,1,130,25,3,0.17,104,365
3871,1,20,1.29924,103.83784,1,168,30,2,0.11,352,296
1388,1,16,1.31024,103.86286,0,36,18,1,0.02,132,365
5142,1,19,1.28639,103.84768000000001,0,68,1,4,0.37,9,364
3363,1,18,1.32508,103.84533,1,140,77,2,0.09,95,16
6696,1,16,1.32789,103.86771999999999,1,145,3,2,0.67,40,351
4655,1,16,1.3104,103.86166,0,50,18,1,0.22,59,361
6674,1,16,1.31221,103.85995,2,38,1,1,0.34,6,365
1676,1,16,1.31024,103.85991,3,209,1,18,0.44,15,325
470,1,21,1.30205,103.85804,0,120,1,2,0.05,7,84
5496,1,18,1.32501,103.85432,1,130,28,7,1.02,37,290
3661,1,16,1.3109,103.86128000000001,0,40,18,1,0.05,132,365
1736,1,13,1.27965,103.8404,1,241,3,54,1.33,9,46
4064,1,6,1.31033,103.87805999999999,1,228,2,1,0.08,53,350
1341,4,9,1.34401,103.70107,0,58,14,24,1.3,1,365
1926,1,6,1.3165,103.88944000000001,0,57,1,2,0.07,6,0
5717,1,7,1.29511,103.83944,1,135,6,2,0.29,29,330
1515,1,1,1.31874,103.77499,0,46,2,1,0.03,1,0
649,1,10,1.27341,103.84485,1,209,30,5,0.09,13,0
3542,4,9,1.34664,103.72166,1,251,7,2,0.24,5,365
4949,1,21,1.30748,103.85335,0,150,1,22,1.88,11,311
1708,1,6,1.3160399999999999,103.88861,1,199,2,11,0.29,3,19
4013,1,15,1.29803,103.82703000000001,1,300,3,48,2.76,6,365
841,1,7,1.30388,103.82985,1,476,3,2,0.04,1,0
2449,1,19,1.28816,103.84599,3,28,1,1,0.06,44,327
4519,1,19,1.28704,103.84824,1,265,2,60,4.47,1,0
5078,0,31,1.3526200000000002,103.81935,1,150,5,1,0.1,12,97
5551,1,6,1.31455,103.88323000000001,1,14,2,8,0.92,1,27
3182,1,11,1.30417,103.90080999999999,0,30,1,27,1.35,1,70
5302,1,16,1.31172,103.86001,3,150,1,15,1.56,3,253
6775,1,7,1.2967,103.83764000000001,1,16,1,10,3.7,1,0
7053,1,15,1.29599,103.82983,0,140,2,1,1.0,10,53
5579,1,13,1.2820200000000002,103.84640999999999,1,159,1,2,0.32,5,166
5261,1,21,1.30167,103.85911999999999,0,179,1,1,0.26,4,364
4840,1,14,1.30736,103.78421,0,14,29,2,0.16,3,268
3012,1,5,1.30669,103.83564,0,80,2,82,3.19,3,365
2933,1,7,1.3021,103.83256,1,365,6,7,0.26,23,363
3400,1,6,1.3104200000000001,103.87654,1,318,14,6,0.27,95,365
3415,1,40,1.28435,103.86159,0,420,1,3,0.14,2,0
3604,1,19,1.2933700000000001,103.84314,1,148,14,4,0.28,95,365
1609,1,21,1.3043200000000001,103.85016,1,120,3,65,1.92,4,350
4017,1,10,1.27451,103.84416,1,165,30,3,0.3,352,335
4912,1,16,1.3106799999999998,103.86118,0,58,18,2,0.2,101,361
908,1,18,1.3285200000000001,103.85600000000001,0,64,1,1,0.02,1,0
4445,1,16,1.31151,103.8621,0,47,18,1,0.07,79,361
1846,1,20,1.3039100000000001,103.8334,0,108,1,4,0.11,11,361
3289,1,16,1.31044,103.86182,0,41,18,2,0.1,132,365
3614,1,6,1.31134,103.87666,1,258,3,20,1.03,104,365
2767,1,14,1.29205,103.80801,1,290,3,2,0.12,111,364
1234,1,4,1.26685,103.81035,1,850,2,32,0.67,1,90
3664,1,29,1.35348,103.83274,0,44,1,1,0.45,9,365
3532,1,6,1.3125799999999999,103.88049000000001,0,63,2,3,0.14,24,54
5774,1,18,1.31654,103.84114,1,120,3,17,2.71,1,104
2152,1,13,1.28309,103.84456999999999,2,40,1,11,0.4,19,329
4814,1,16,1.3136,103.85414,1,148,3,1,0.23,103,365
5672,1,18,1.32511,103.84461999999999,1,148,3,3,0.41,37,346
3198,3,34,1.39085,103.90746999999999,0,33,2,40,1.66,1,0
381,2,2,1.34463,103.96106999999999,0,60,30,296,4.83,7,180
320,2,3,1.33027,103.94787,0,66,4,88,1.47,7,74
3768,1,6,1.31608,103.88731999999999,0,83,2,36,1.93,24,201
2131,3,30,1.36453,103.84796,0,50,1,11,0.71,1,175
1553,1,4,1.28239,103.8242,0,50,1,14,0.34,2,179
2337,1,20,1.3003,103.8428,1,460,6,25,0.81,23,333
6373,1,21,1.29911,103.85335,1,199,7,1,0.27,20,63
2606,1,21,1.3007600000000001,103.8603,3,46,1,48,1.69,8,356
440,1,18,1.32786,103.84907,1,218,14,35,0.59,136,0
816,2,35,1.37544,103.95919,0,80,180,31,0.58,1,364
4998,1,16,1.31178,103.85753000000001,1,140,30,3,0.28,12,87
3127,1,16,1.3124200000000001,103.86055,0,95,1,2,0.13,116,356
4708,1,10,1.2756100000000001,103.84362,1,152,14,1,0.11,352,11
3680,1,21,1.30075,103.85053,0,80,1,73,3.69,3,89
1890,1,6,1.3148,103.88818,1,140,2,137,3.57,17,85
3548,1,6,1.31059,103.87679,1,228,2,11,0.7,136,331
4641,1,15,1.29285,103.82826999999999,1,681,6,1,0.11,112,362
6279,1,21,1.3022,103.84691,1,288,3,1,0.29,39,362
986,1,15,1.29259,103.83055999999999,1,140,3,9,0.18,1,0
1254,1,18,1.3232899999999999,103.85200999999999,1,268,21,3,0.07,95,365
4109,1,16,1.3009899999999999,103.86228,1,199,2,11,0.89,1,0
1510,1,14,1.30405,103.78295,0,66,180,7,0.17,3,0
6535,1,6,1.31465,103.88468,0,130,2,1,0.39,1,89
5781,1,18,1.3270600000000001,103.84519,1,142,7,3,0.45,40,365
2716,1,13,1.28449,103.84294,0,57,90,1,0.04,132,347
2695,1,16,1.29951,103.88525,1,164,7,6,0.21,7,67
1878,1,15,1.29488,103.82774,1,199,6,7,0.21,2,0
623,2,3,1.31952,103.91476,1,199,2,34,0.69,1,365
5987,1,21,1.30355,103.85979,0,219,7,2,0.36,10,244
5791,3,24,1.40448,103.89981,0,46,5,4,0.58,1,85
840,1,20,1.30471,103.82582,0,68,90,61,1.16,2,364
4139,2,3,1.3289,103.946,0,100,2,3,0.2,1,180
4150,1,13,1.28158,103.84709000000001,1,171,1,4,0.25,13,0
2873,0,0,1.44381,103.79268,0,21,1,1,0.05,2,365
3151,3,8,1.34707,103.87935,1,88,15,1,0.06,1,0
4180,4,23,1.39809,103.74525,0,50,2,21,2.93,1,171
5346,4,27,1.3840000000000001,103.76309,1,14,1,1,0.1,2,0
5336,1,10,1.27391,103.84369000000001,1,147,90,1,0.16,352,238
2225,1,7,1.29882,103.84144,3,350,6,35,1.14,23,360
3511,1,16,1.3109899999999999,103.85663000000001,0,50,60,1,0.05,2,0
4082,1,10,1.27556,103.84589,1,295,4,15,1.0,6,148
2557,2,35,1.37519,103.95295,0,58,1,16,0.51,4,270
4580,1,7,1.2973700000000001,103.83516,0,380,2,16,1.18,5,343
1612,2,3,1.3295299999999999,103.90664,1,100,3,4,0.1,1,0
5950,1,16,1.31508,103.85748000000001,1,98,3,4,0.71,103,180
4393,4,9,1.3434,103.71840999999999,1,161,30,3,0.2,352,300
1587,4,26,1.30849,103.75979,1,356,3,4,0.1,52,364
1479,1,18,1.3241100000000001,103.85093,0,56,3,30,0.68,1,7
2302,1,18,1.32333,103.85381,1,251,3,14,0.5,15,364
2115,1,5,1.3069600000000001,103.83596,3,342,6,2,0.09,6,120
6753,1,21,1.30072,103.84996,0,60,1,7,2.31,3,90
3737,1,16,1.3104799999999999,103.8724,3,26,1,22,1.22,116,357
44,1,4,1.27681,103.82381,0,150,1,2,0.04,1,365
2678,1,6,1.3149600000000001,103.88168,0,34,18,1,0.04,132,360
4022,1,6,1.31682,103.8778,0,300,1,1,0.06,1,0
6215,1,12,1.34085,103.86676999999999,1,199,2,2,0.47,1,0
4242,1,7,1.29488,103.84172,1,148,3,9,0.55,136,250
2665,1,10,1.27546,103.8444,0,110,5,1,0.03,1,0
513,1,1,1.3150899999999999,103.80398000000001,1,199,2,15,0.26,1,0
5798,1,15,1.29556,103.82629,0,56,2,15,2.22,1,217
5236,1,4,1.28993,103.82685,0,98,4,1,0.19,18,90
6576,1,15,1.29631,103.8289,0,56,2,10,2.8,8,53
6719,1,6,1.31645,103.88277,2,26,1,4,1.46,6,365
2020,2,3,1.32669,103.91577,1,195,2,1,0.03,1,0
199,1,4,1.2900200000000002,103.82315,0,66,1,5,0.08,1,0
1652,3,17,1.35148,103.88075,0,28,60,2,0.05,3,365
2811,1,16,1.30864,103.86084,0,38,18,1,0.04,79,361
4717,1,14,1.3062799999999999,103.78515,0,60,90,1,1.0,14,364
3674,1,6,1.31141,103.87791999999999,3,318,3,3,0.16,95,319
5695,4,9,1.34401,103.71743000000001,0,88,200,1,0.64,2,0
789,1,16,1.3111700000000002,103.87361,0,125,365,35,0.68,13,326
5976,0,32,1.41574,103.84239000000001,0,60,2,4,1.08,1,327
1211,1,10,1.2807600000000001,103.85301,1,178,30,2,0.04,9,365
1860,1,16,1.3119399999999999,103.85949000000001,1,199,1,1,0.15,16,365
1710,1,10,1.27675,103.84515,1,400,2,216,5.28,2,16
550,1,6,1.31481,103.88701,1,87,90,69,1.19,25,78
493,1,16,1.3084,103.86265,0,50,20,1,0.02,101,365
5284,1,7,1.29407,103.83858000000001,1,90,60,1,0.81,27,89
3397,1,14,1.28064,103.78516,1,108,700,2,0.09,1,358
4304,1,19,1.29135,103.83677,1,114,6,7,0.44,1,0
625,1,10,1.2962799999999999,103.85365,1,169,7,134,2.51,41,336
2655,1,16,1.31663,103.85718,0,120,2,4,0.15,2,0
3260,1,13,1.2842,103.84255,0,60,90,1,0.05,79,362
5263,1,20,1.30467,103.83100999999999,0,110,2,14,1.47,2,54
4168,1,16,1.3133,103.85321,1,157,30,1,0.06,23,89
5667,1,21,1.29841,103.85194,0,199,7,1,0.14,20,63
1107,1,16,1.31528,103.85556,0,63,30,10,0.22,12,343
4500,1,10,1.27355,103.84445,1,168,90,2,0.22,352,237
4005,1,10,1.2748,103.84544,1,147,90,2,0.34,352,328
2556,1,15,1.2931700000000002,103.82858,1,114,3,4,0.13,1,0
3,2,2,1.34541,103.95711999999999,0,171,90,20,0.2,8,365
5536,4,28,1.34467,103.72534,0,68,2,1,0.25,1,31
4262,1,13,1.28512,103.84277,0,53,90,1,0.09,59,329
5625,1,11,1.30616,103.89690999999999,0,56,1,23,3.03,8,55
4982,1,21,1.3088799999999998,103.8538,0,26,2,1,0.09,1,0
3573,1,13,1.27888,103.8435,1,165,90,7,0.37,41,359
269,1,6,1.31045,103.88148000000001,0,60,1,49,0.76,39,360
6341,1,4,1.2749,103.83304,1,135,3,3,0.76,52,365
3843,1,7,1.2971,103.84013,0,88,6,27,1.51,37,360
5983,3,17,1.35409,103.88718,0,66,1,4,0.78,2,235
5494,1,18,1.32697,103.84773,1,130,14,1,0.28,104,360
5852,1,16,1.32925,103.86359,1,179,10,1,0.16,149,365
395,0,32,1.41621,103.84424,0,66,1,13,0.33,2,288
6694,3,34,1.3878700000000002,103.88972,0,36,1,4,1.46,1,40
2220,1,14,1.27359,103.7955,1,600,2,85,2.86,1,78
2951,4,26,1.31241,103.77076,0,46,180,3,0.11,1,180
6584,1,16,1.31261,103.85923000000001,0,199,1,1,0.27,6,362
6963,1,19,1.28701,103.84845,0,198,1,2,0.94,12,329
4801,1,13,1.2841,103.84253000000001,0,60,90,2,0.17,101,364
4038,1,10,1.2739,103.84506,1,161,30,1,0.22,352,330
6301,1,6,1.31171,103.87653,1,248,3,2,0.58,39,180
3953,1,15,1.29637,103.82968000000001,0,43,1,72,4.34,6,77
3296,1,6,1.31225,103.88329,1,115,30,6,0.49,12,87
222,1,11,1.30789,103.89646,1,158,14,4,0.06,1,0
2448,1,22,1.29654,103.85166,0,110,2,2,0.06,4,0
531,1,21,1.30649,103.84785,3,138,3,4,0.07,136,330
1295,1,16,1.31139,103.85851,0,60,18,1,0.03,101,329
3517,1,6,1.31224,103.88141,0,60,1,6,0.31,39,360
4394,1,16,1.31505,103.84751,0,100,1,1,0.08,1,0
975,1,14,1.28043,103.78286,1,120,90,39,0.76,1,170
5524,0,0,1.4315,103.78055,2,20,2,5,0.76,8,186
4098,3,24,1.39973,103.91060999999999,0,66,180,6,0.52,2,365
6450,1,6,1.31136,103.87756,1,248,3,1,1.0,39,177
5371,1,10,1.28135,103.8533,1,439,5,31,3.13,2,88
4544,1,13,1.2838399999999999,103.84151999999999,0,60,90,1,0.11,132,364
1383,1,4,1.28157,103.8274,0,46,1,30,0.67,1,0
154,1,22,1.2986,103.84659,0,110,90,6,0.09,2,267
2310,1,18,1.32334,103.85325,1,130,3,7,0.23,15,364
3245,1,13,1.2842,103.84255,0,38,90,2,0.2,79,360
117,2,3,1.32122,103.91492,1,140,2,370,4.84,1,287
2011,2,3,1.31999,103.91638,0,90,3,3,0.41,20,151
4266,2,3,1.30851,103.92456999999999,1,90,92,3,0.2,4,365
2979,1,10,1.27406,103.84445,1,154,27,4,0.16,352,365
2197,1,29,1.35189,103.83481,0,80,90,21,1.49,3,89
928,1,21,1.29961,103.85257,2,30,2,39,0.88,13,360
6123,1,20,1.3036,103.83516999999999,1,292,2,3,0.57,1,88
6610,1,7,1.29504,103.84029,1,140,6,1,0.86,58,357
2493,1,16,1.31272,103.85580999999999,0,53,18,2,0.09,79,329
1643,4,38,1.34364,103.68675999999999,0,56,180,1,0.02,2,180
2840,1,21,1.30854,103.85104,2,28,1,21,0.76,9,356
4666,1,16,1.32215,103.86607,1,241,5,39,2.89,14,136
646,1,6,1.31253,103.88268000000001,1,179,30,3,0.05,13,0
3348,1,14,1.3045799999999999,103.78435,1,350,3,5,0.31,112,364
1157,1,16,1.31005,103.85829,2,28,1,92,1.89,17,356
5033,1,21,1.30879,103.85406,1,480,1,1,0.21,21,365
4890,1,16,1.3155700000000001,103.85289,1,140,20,1,0.11,54,365
1566,1,20,1.29843,103.83836,0,85,6,97,2.29,37,76
4503,4,28,1.33404,103.7436,1,169,60,2,0.17,352,327
3159,1,18,1.3267799999999998,103.84787,1,105,25,2,0.14,6,365
628,1,15,1.31579,103.83026,1,261,90,20,0.36,1,148
4045,1,10,1.27442,103.84459,1,310,7,1,0.06,352,32
2550,4,26,1.31676,103.75685,1,137,20,5,0.16,352,0
259,1,6,1.31161,103.88143000000001,0,90,2,87,1.33,39,357
3218,1,21,1.29816,103.8517,0,130,1,1,0.23,116,364
5349,1,6,1.31556,103.88523,0,66,3,1,0.11,1,0
3234,1,13,1.2813700000000001,103.84504,3,28,1,5,0.21,7,0
3144,1,10,1.29721,103.8564,3,40,1,33,1.47,9,352
13,1,6,1.31724,103.88958000000001,0,40,10,104,1.31,1,57
5994,3,8,1.3741,103.8716,0,71,10,3,1.25,3,67
6398,1,4,1.2742799999999999,103.83315,1,125,3,2,1.62,52,364
4733,2,35,1.37195,103.94379,1,110,6,4,0.31,1,163
1268,1,18,1.32914,103.8506,0,66,1,4,0.16,1,178
4132,1,10,1.27406,103.84564,1,154,30,1,0.06,352,317
2708,1,16,1.31249,103.85768,0,56,18,1,0.05,79,329
1005,1,16,1.32839,103.86485,1,199,14,7,0.15,136,365
2318,1,5,1.3096299999999998,103.83984,1,125,1,2,0.06,1,0
3168,1,16,1.3162,103.85987,3,31,1,21,0.86,8,357
94,1,15,1.31742,103.82571999999999,3,159,7,28,0.37,20,365
1188,1,6,1.31158,103.88271,0,56,1,31,0.65,1,19
1934,4,9,1.34651,103.72171,1,251,7,10,0.27,7,365
1821,1,19,1.28787,103.84683000000001,3,28,1,2,0.06,44,363
3370,1,12,1.3380299999999998,103.87048,0,43,1,169,7.46,2,286
2201,1,19,1.2894,103.8427,1,231,6,8,0.29,21,362
3616,1,6,1.31011,103.87791,1,178,3,14,0.69,104,365
4300,2,3,1.3208600000000001,103.95000999999999,0,56,30,1,0.07,2,0
5642,1,15,1.29514,103.8291,0,98,1,23,2.95,10,82
5287,1,6,1.31313,103.88701999999999,1,261,10,2,0.23,149,365
712,1,18,1.32421,103.85337,1,199,3,84,1.51,6,365
572,1,16,1.30702,103.86211999999999,0,40,18,1,0.02,132,361
5864,1,14,1.3051,103.80051,0,50,4,1,0.2,2,365
1428,3,17,1.3562100000000001,103.8873,1,500,1,9,0.21,1,358
41,1,11,1.30492,103.90315,1,300,2,40,0.45,5,153
3958,1,18,1.3174,103.84694,1,169,2,36,2.02,25,59
2295,1,16,1.31419,103.85323000000001,3,218,3,3,0.09,136,307
6278,1,21,1.3012299999999999,103.85167,1,288,5,1,0.27,39,250
2588,1,14,1.29177,103.80705999999999,1,125,70,13,0.42,1,83
39,1,14,1.28342,103.78585,0,128,3,1,0.26,1,365
305,4,23,1.3808799999999999,103.75983000000001,1,159,2,4,0.06,1,0
3492,1,13,1.28195,103.84368,3,118,1,6,0.28,9,345
688,1,5,1.3054299999999999,103.8403,1,135,90,86,1.79,6,180
2248,1,18,1.32364,103.85191999999999,0,108,3,15,0.45,15,364
3941,1,13,1.28321,103.84494000000001,1,125,7,11,0.65,41,335
6333,3,17,1.35418,103.8787,1,110,1,13,3.0,1,144
1474,4,26,1.3055700000000001,103.76876,0,68,2,7,0.17,2,360
3146,1,16,1.32254,103.86495,1,140,90,5,0.32,136,365
3709,1,4,1.26478,103.81761999999999,1,300,1,9,0.49,12,90
422,1,13,1.28368,103.84563,1,85,45,31,0.53,27,89
5381,1,7,1.2990700000000002,103.84076999999999,1,695,6,1,0.18,111,364
5565,1,16,1.31475,103.85874,2,26,1,1,0.11,8,185
525,1,6,1.31575,103.88391999999999,0,58,2,42,0.88,2,0
3597,1,16,1.3139399999999999,103.8549,1,130,14,2,0.2,95,365
5958,1,16,1.31145,103.86166999999999,0,48,18,2,0.42,101,361
2901,4,9,1.3511799999999998,103.70194000000001,0,88,3,3,0.11,3,0
3121,1,14,1.3027799999999998,103.7893,1,100,60,2,0.09,1,83
1578,3,8,1.37219,103.87142,0,50,7,6,0.85,3,67
1794,1,4,1.2852,103.82406,0,70,3,12,0.3,3,268
61,1,13,1.2845799999999998,103.84311,0,66,90,3,0.08,132,363
5574,1,16,1.31505,103.86022,2,56,1,2,0.23,8,339
2869,1,18,1.3181100000000001,103.84271,1,380,2,61,2.28,5,318
255,1,7,1.29702,103.84145,0,120,2,1,0.02,1,0
1914,1,7,1.2983200000000001,103.84021,1,140,6,61,1.7,58,357
3713,1,18,1.3168799999999998,103.84208000000001,1,239,1,24,1.23,5,343
1771,3,17,1.3514899999999999,103.88039,0,28,60,5,0.13,9,365
2936,4,26,1.29859,103.76586,3,199,6,7,0.32,21,365
2198,1,22,1.2988,103.84316,3,225,6,18,0.55,23,363
4822,1,16,1.30792,103.86182,1,251,2,2,0.16,1,0
6141,1,16,1.32923,103.86429,1,188,14,1,0.24,149,365
3486,1,21,1.3012299999999999,103.85161,1,238,3,4,0.24,136,364
865,1,16,1.31169,103.86033,2,70,1,4,0.09,7,365
644,1,6,1.31249,103.88328,1,140,30,8,0.14,13,0
971,4,33,1.35673,103.75164000000001,1,130,1,2,0.05,1,0
633,2,3,1.3185,103.91248,0,90,3,3,0.08,23,315
2623,1,16,1.30902,103.86349,0,57,3,11,0.38,2,15
3071,2,3,1.3080100000000001,103.91084000000001,0,95,2,10,0.44,116,364
1717,1,12,1.34245,103.84201999999999,0,60,1,17,0.42,1,0
52,1,16,1.31189,103.85901,0,48,18,2,0.04,132,328
3158,1,22,1.2947600000000001,103.84221,1,150,10,8,0.43,136,362
127,1,7,1.29462,103.83855,1,199,6,147,1.97,58,329
1893,1,7,1.2953,103.83853,1,175,6,102,2.73,35,356
2531,4,9,1.3385,103.71956,0,50,2,29,0.97,1,54
2725,1,16,1.3118299999999998,103.8588,0,60,18,1,0.05,79,329
3366,1,4,1.28467,103.83495,0,66,12,4,0.28,6,115
3761,1,7,1.29749,103.83474,0,399,2,40,2.17,5,354
2375,2,3,1.3202399999999999,103.9143,0,199,2,11,0.38,7,89
2384,1,14,1.30538,103.78635,0,330,3,1,0.06,111,364
6484,1,21,1.29904,103.8537,1,169,7,2,0.63,20,49
5074,1,15,1.2943799999999999,103.82956,1,222,1,15,1.45,1,48
2376,1,4,1.28254,103.82862,0,63,3,1,0.03,2,0
71,1,16,1.30774,103.86332,0,40,18,8,0.11,132,361
4055,1,6,1.31399,103.88343,1,130,1,84,4.93,1,13
3279,1,10,1.2732299999999999,103.84648,1,157,30,3,0.15,352,297
5732,1,13,1.28336,103.84279000000001,0,58,90,1,0.21,132,364
1694,1,6,1.31231,103.88356999999999,1,155,30,65,1.6,12,86
2844,1,6,1.3114700000000001,103.88989000000001,0,36,7,34,1.43,6,61
4464,1,4,1.28375,103.83476999999999,0,75,1,2,0.16,5,0
5796,1,16,1.3172,103.85344,1,251,5,8,1.37,6,149
5170,1,16,1.31687,103.85776,0,21,2,3,0.28,1,0
660,1,10,1.28016,103.8536,1,125,90,1,0.02,45,364
2300,1,18,1.32277,103.85374,1,148,3,23,0.69,15,364
4992,1,16,1.31618,103.85925999999999,0,24,2,1,0.09,1,0
1723,1,6,1.31377,103.88733,1,90,90,30,0.75,25,25
1915,1,15,1.29498,103.83061,1,120,1,41,1.08,10,55
973,3,24,1.3997700000000002,103.89763,0,48,1,215,4.52,1,115
1472,1,18,1.32149,103.84119,1,148,7,2,0.06,9,365
2380,1,1,1.34217,103.77398000000001,0,80,30,38,1.33,1,10
3305,4,33,1.3530200000000001,103.76836999999999,0,40,1,9,0.4,1,0
6241,1,10,1.29958,103.85701999999999,0,70,7,1,0.26,1,0
3770,1,1,1.3126,103.79621999999999,3,40,7,4,0.24,9,180
4229,1,6,1.31235,103.8857,1,130,10,2,0.13,149,365
313,1,13,1.28095,103.84155,1,164,2,5,0.1,1,0
5507,4,9,1.33998,103.70232,0,60,1,1,0.11,1,24
5174,1,18,1.32655,103.84906,1,168,20,1,0.09,104,365
2187,1,13,1.2841200000000002,103.84245,0,56,90,1,0.53,79,360
6864,1,6,1.31334,103.88193000000001,1,169,20,1,1.0,149,365
543,1,6,1.3128600000000001,103.88659,0,50,90,24,0.44,2,77
3759,1,16,1.31195,103.86048000000001,0,246,1,11,0.72,1,315
2847,1,21,1.30274,103.85258,1,209,2,33,1.2,1,0
3068,2,3,1.30787,103.913,0,95,1,22,0.89,116,364
4144,2,35,1.37741,103.9616,0,60,1,1,0.06,1,365
2330,1,18,1.32289,103.85343,1,142,3,5,0.15,15,364
5079,1,6,1.31215,103.88603,1,300,14,8,1.25,136,309
2232,1,20,1.3043799999999999,103.83383,3,365,6,20,0.64,23,360
2769,1,10,1.2960200000000002,103.85523,0,63,3,88,3.04,4,329
1152,1,11,1.3068600000000001,103.89572,0,70,1,2,0.05,4,329
6107,1,12,1.3321399999999999,103.87621999999999,1,400,2,8,1.43,8,348
1638,1,18,1.31219,103.84376,0,60,90,12,0.32,7,365
3372,1,4,1.28455,103.83357,0,66,12,3,0.21,6,115
1266,3,34,1.3930799999999999,103.89924,0,36,3,1,0.02,1,0
6537,1,6,1.31623,103.89168000000001,1,288,5,1,0.32,103,180
1056,1,20,1.30325,103.83357,0,100,1,7,0.17,8,364
2887,1,14,1.29207,103.76904,2,26,1,25,1.05,8,97
3054,1,16,1.32156,103.86186,0,63,1,21,0.83,5,144
2077,0,25,1.4463,103.8345,0,38,1,2,0.06,1,0
5330,1,1,1.34053,103.77286,1,100,4,1,0.12,18,88
959,1,16,1.31057,103.86081,1,199,1,6,0.12,16,364
7201,1,7,1.29759,103.8352,1,400,5,1,0.91,1,0
838,2,3,1.31124,103.93764,0,56,1,1,0.02,1,0
2817,1,16,1.30956,103.8618,0,38,18,2,0.17,101,361
918,1,16,1.31028,103.86029,3,21,1,28,0.54,15,353
2580,1,21,1.30136,103.84966999999999,1,199,3,82,2.66,4,90
6352,1,4,1.27485,103.8401,1,150,6,1,0.26,6,363
88,1,13,1.2841,103.84253000000001,0,56,90,3,0.07,132,347
4759,1,4,1.28249,103.82986,0,53,90,4,0.45,3,364
2685,1,16,1.29951,103.88525,1,154,7,30,1.02,7,89
2905,4,26,1.3131700000000002,103.76017,1,310,3,1,0.11,111,364
6168,4,26,1.29798,103.76531999999999,1,127,7,3,0.54,1,29
583,1,15,1.31236,103.82571999999999,1,219,3,2,0.04,1,0
3538,1,16,1.31576,103.85462,1,225,2,56,2.78,4,331
1503,1,16,1.32007,103.86336999999999,1,288,10,11,0.26,136,364
215,1,13,1.28278,103.8445,3,30,1,49,0.75,13,356
6233,1,4,1.27253,103.83314,1,189,6,1,0.26,111,364
2281,1,14,1.28031,103.78575,1,199,3,2,0.06,52,364
2842,4,33,1.34222,103.76014,0,60,2,1,0.04,1,0
1719,1,13,1.28146,103.84875,1,189,3,102,2.5,9,0
1809,1,10,1.28043,103.85334,0,90,4,2,0.05,1,0
5038,1,21,1.3073700000000001,103.85197,2,26,1,14,1.28,11,355
5007,3,8,1.38321,103.86789,0,56,3,19,1.72,4,85
1783,3,17,1.35141,103.87921,0,28,30,6,0.16,9,365
5752,4,9,1.34622,103.7247,1,168,30,1,1.0,352,347
2729,1,13,1.2818,103.84293000000001,0,56,3,86,3.43,2,0
4510,1,15,1.2943200000000001,103.82978,0,60,2,62,4.41,8,55
5167,1,21,1.31044,103.85425,1,150,1,13,1.22,8,362
2079,1,20,1.30495,103.83279,1,580,2,24,0.71,25,358
5985,1,6,1.31215,103.8953,1,140,3,1,0.19,1,21
3390,4,27,1.37778,103.76279,0,60,1,9,0.41,1,0
1892,1,16,1.31382,103.85429,0,125,2,58,1.54,13,270
1525,1,20,1.30385,103.83476999999999,0,77,1,44,1.05,11,361
4816,1,21,1.30145,103.86154,1,85,90,3,0.33,3,267
5031,1,18,1.32392,103.8524,1,189,1,18,1.69,1,140
1816,1,19,1.2869899999999999,103.84674,3,23,1,5,0.14,44,351
4731,4,9,1.33664,103.69558,0,46,3,8,0.72,1,364
5318,1,19,1.2878399999999999,103.84952,3,75,1,6,0.61,8,356
687,1,6,1.31274,103.88659,1,179,2,202,3.61,17,335
5304,1,4,1.2862200000000001,103.83365,1,124,30,4,1.79,10,260
2742,1,13,1.28449,103.84294,0,57,90,1,0.04,132,363
3451,1,6,1.31021,103.87819,1,258,3,30,1.53,104,342
